ID,HQ_TPCB,CR_TPCB,EPA_CR_TPCB,TPCBs,10PCB209,1PCB1,1PCB2,1PCB3,2PCB11,2PCB12+13,2PCB14,2PCB15,2PCB4+10,2PCB5+8,2PCB6,2PCB7+9,3PCB16+32,3PCB17,3PCB18,3PCB19,3PCB20+21+33,3PCB22,3PCB23+34,3PCB24+27,3PCB25,3PCB26,3PCB28,3PCB29,3PCB30,3PCB31,3PCB35,3PCB36,3PCB37,3PCB38,3PCB39,4PCB40,4PCB41+64+68+71,4PCB42+59,4PCB43+49,4PCB44,4PCB45,4PCB46,4PCB47+48+75,4PCB50,4PCB51,4PCB52+73,4PCB53,4PCB54,4PCB55,4PCB56+60,4PCB57,4PCB58,4PCB61+74,4PCB62+65,4PCB63,4PCB66+80,4PCB67,4PCB69,4PCB70+76,4PCB72,4PCB77,4PCB78,4PCB79,4PCB81,5PCB100,5PCB103,5PCB104,5PCB105+127,5PCB106+118,5PCB107+109,5PCB110,5PCB111+117,5PCB112,5PCB113,5PCB114,5PCB119,5PCB122,5PCB123,5PCB124,5PCB125,5PCB126,5PCB82,5PCB83+108,5PCB84,5PCB85+120,5PCB86+97,5PCB87+115+116,5PCB88+121,5PCB89+90+101,5PCB91,5PCB92,5PCB93+95,5PCB94,5PCB96,5PCB98+102,5PCB99,6PCB128,6PCB129,6PCB130,6PCB131+142,6PCB132+168,6PCB133,6PCB134+143,6PCB135+144,6PCB136,6PCB137,6PCB138+163+164,6PCB139+149,6PCB140,6PCB141,6PCB145,6PCB146,6PCB147,6PCB148,6PCB150,6PCB151,6PCB152,6PCB153,6PCB154,6PCB155,6PCB156,6PCB157,6PCB158+160,6PCB159,6PCB161,6PCB162,6PCB165,6PCB166,6PCB167,6PCB169,7PCB170+190,7PCB171,7PCB172+192,7PCB173,7PCB174+181,7PCB175,7PCB176,7PCB177,7PCB178,7PCB179,7PCB180,7PCB182+187,7PCB183,7PCB184,7PCB185,7PCB186,7PCB188,7PCB189,7PCB191,7PCB193,8PCB194,8PCB195,8PCB196+203,8PCB197,8PCB198,8PCB199,8PCB200,8PCB201,8PCB202,8PCB204,8PCB205,9PCB206,9PCB207,9PCB208,Aroclor 1016,Aroclor 1221,Aroclor 1232,Aroclor 1242,Aroclor 1248,Aroclor 1254,Aroclor 1260,DecaCB,Total DiCB,Total HeptaCB,Total HexaCB,Total MonoCB,Total NonaCB,Total OctaCB,Total PentaCB,Total TetraCB,Total TriCB
10,0.231,9.26e-6,3.44e-6,24.8,0.265,0,0,0,0,0,0,0.127,0,0,0,0.134,0,0,0,0,0,0,0,0,0.021,0.094,0.61,0,0,0.271,0,0,0.083,0,0,0,0.203,0,0.316,0.085,0,0,0.462,0,0,0.442,0,0,0,0.055,0,0,0.604,0,0.078,0.372,0,0,0.128,0,0.18,0,0,0,0,0,0,0.902,2.26,0.045,0.172,0.129,0,0,0.073,0.027,0,0,0,0,0.032,0,0,0,0.128,0,0.063,0,0.237,0.043,0.084,0.167,0,0,0,0.515,0.25,0,0,0,0.053,0,0,0,0,0,1.32,0.261,0,0.046,0,0.58,0,0,0,0.087,0,3.76,0,0,0.276,0.08,0.101,0.044,0,0,0,0,0.123,0,1.16,0.089,0.12,0,0.072,0,0,0.073,0.072,0,0.922,1.05,0.299,0,0,0,0,0.054,0,0.169,1.47,0.436,0.834,0,0,1.17,0,0,0.076,0,0.06,0.488,0,0.128,0,0,0,3.35,0,5.78,14.3,0.265,0.127,4.08,6.98,0,0.616,3.99,4.76,2.93,1.08
11-1,0.0105,4.22e-7,1.57e-7,1.13,0,0,0,0,0,0,0,0,0,0,0,0.7160000000000001,0,0,0,0,0,0,0,0,0,0,0.046,0,0,0,0,0,0,0,0,0,0,0,0,0,0,0,0,0,0,0,0,0,0,0,0,0,0.059,0,0,0.052,0,0,0,0,0,0,0,0,0,0,0,0.037,0.124,0,0,0,0,0,0,0,0,0,0,0,0,0,0,0,0,0,0,0,0,0,0,0,0,0,0,0.067,0,0,0,0,0,0,0,0,0,0,0.146,0,0,0,0,0.048,0,0,0,0,0,0.259,0,0,0,0,0,0,0,0,0,0,0,0,0.045,0,0,0,0,0,0,0,0,0,0.111,0.075,0,0,0,0,0,0,0,0,0.073,0,0.07,0,0,0.058,0,0,0,0,0,0,0,0,0,0,0,0.175,0,0.67,0.936,0,0,0.231,0.453,0,0,0.058,0.228,0.111,0.046
11-2,0.148,5.94e-6,2.2e-6,15.9,1.42,0,0,0,0,0,0,0,0,0,0,0.21199999999999997,0,0,0,0,0,0,0,0,0,0,0.049,0,0,0,0,0,0,0,0,0,0,0,0,0,0,0,0,0,0,0,0,0,0,0,0,0,0.1,0,0,0.046,0,0,0,0,0,0,0,0,0,0,0,0.297,0.895,0.04,0,0.041,0,0,0,0,0,0,0,0,0,0,0,0,0.041,0,0,0,0,0,0,0,0,0,0,0.354,0.131,0,0,0,0,0.061,0,0,0,0,0.915,0,0,0,0,0.629,0,0,0,0,0,2.87,0,0,0.113,0.057,0.06,0.05,0,0,0,0,0.074,0,0.349,0.038,0.065,0,0,0,0,0.077,0.093,0,0.338,1.11,0.232,0,0,0,0,0.031,0,0.086,0.513,0.106,0.517,0.064,0,1.18,0,0.106,0.306,0,0,1.64,0.091,0.889,0,0,0,0,0,3.54,5.51,1.42,0,2.42,4.96,0,2.62,2.69,1.59,0.146,0.049
21-1,0.0221,8.85e-7,3.28e-7,2.37,0.098,0,0,0,0,0,0,0,0,0,0,0,0,0,0,0,0,0,0,0,0,0,0,0,0,0,0,0,0,0,0,0,0,0,0,0,0,0,0,0,0,0,0,0,0,0,0,0,0,0,0,0,0,0,0,0,0,0,0,0,0,0,0,0,0.115,0,0,0,0,0,0,0,0,0,0,0,0,0,0,0,0,0,0,0,0,0,0,0,0,0,0,0.041,0,0,0,0,0,0,0,0,0,0,0.182,0.027,0,0,0,0.056,0,0,0,0,0,0.373,0,0,0,0,0,0,0,0,0,0,0,0,0.074,0,0,0,0,0,0,0,0,0,0.29,0.142,0,0,0,0,0,0,0,0,0.18,0,0.292,0,0,0.284,0,0,0,0,0,0.239,0,0,0,0,0,0,0,0,2.18,0.098,0,0.506,0.611,0,0.239,0.756,0.156,0,0
26-2,0.0605,2.42e-6,8.98e-7,6.48,0.088,0,0,0,0,0,0,0,0,0,0,0.119,0,0,0,0,0,0,0,0,0,0,0.313,0,0,0,0,0,0,0,0,0,0,0,0,0,0,0,0,0,0,0,0,0,0,0.084,0,0,0.316,0,0,0.417,0,0,0,0,0,0,0,0,0,0,0,0.295,0.668,0.064,0,0,0,0,0,0,0,0,0,0,0,0,0,0,0,0,0,0,0.069,0,0,0,0,0,0,0.34,0.096,0,0,0,0,0,0,0,0,0,0.754,0.081,0,0,0,0.215,0,0,0,0,0,1.06,0,0,0.054,0,0.056,0,0,0,0,0,0.035,0,0.181,0,0.039,0,0,0,0,0.066,0.036,0,0.341,0.339,0.087,0,0,0,0,0,0,0.044,0.102,0,0.155,0,0,0.183,0,0,0,0,0,0.113,0,0,0,0,0,1.19,0,3.4,3.65,0.088,0,1.1,2.35,0,0.113,0.338,1.37,0.817,0.313
34-1,0.0881,3.52e-6,1.31e-6,9.44,0.382,0,0,0,0,0,0,0,0,0,0,0,0,0,0,0,0,0,0,0,0,0,0.031,0,0,0,0,0,0,0,0,0,0,0,0,0,0,0,0,0,0,0,0,0,0,0,0,0,0.083,0,0,0.056,0,0,0,0,0,0,0,0,0,0,0,0.186,0.521,0,0,0,0,0,0,0,0,0,0,0,0,0,0,0,0,0,0,0,0,0,0,0,0,0,0,0.157,0.104,0,0,0,0,0,0,0,0,0,0.572,0,0,0,0,0.178,0,0,0,0,0,1.04,0,0,0.068,0,0,0,0,0,0,0,0.05,0,0.292,0,0.068,0,0,0,0,0,0,0,1.09,0.588,0.153,0,0,0,0,0,0,0.055,0.653,0,1.12,0,0,0.901,0,0,0,0,0,0.879,0.113,0.171,0,0,0,0,0,1.57,9.21,0.382,0,2.18,2.01,0,1.16,2.67,0.864,0.139,0.031
37-2,0.0303,1.21e-6,4.5e-7,3.25,0.13,0,0,0,0,0,0,0,0,0,0,0,0,0,0,0,0,0,0,0,0,0,0.019,0,0,0,0,0,0,0,0,0,0,0,0,0,0,0,0,0,0,0,0,0,0,0,0,0,0.074,0,0,0,0,0,0,0,0,0,0,0,0,0,0,0.108,0.366,0,0,0,0,0,0,0,0,0,0,0,0,0,0,0,0,0,0,0,0,0,0,0,0,0,0,0.11,0,0,0,0,0,0,0,0,0,0,0.417,0,0,0,0,0.121,0,0,0,0,0,0.821,0,0,0.058,0,0,0,0,0,0,0,0,0,0.172,0,0,0,0,0,0,0,0,0,0.428,0.192,0.087,0,0,0,0,0,0,0,0.138,0,0.198,0,0,0.165,0,0,0,0,0,0.165,0,0.077,0,0,0,0,0,1.1,3.6,0,0,0.792,1.42,0,0.165,0.198,0.584,0.074,0.019
41-1,0.00446,1.78e-7,6.63e-8,0.478,0,0,0,0,0.209,0,0,0,0,0,0,0,0,0,0,0,0,0,0,0,0,0,0.023,0,0,0,0,0,0,0,0,0,0,0,0,0,0,0,0,0,0,0,0,0,0,0,0,0,0,0,0,0,0,0,0,0,0,0,0,0,0,0,0,0,0.08,0,0,0,0,0,0,0,0,0,0,0,0,0,0,0,0,0,0,0,0,0,0,0,0,0,0,0.044,0,0,0,0,0,0,0,0,0,0,0.121,0,0,0,0,0,0,0,0,0,0,0.154,0,0,0,0,0,0,0,0,0,0,0,0,0,0,0,0,0,0,0,0,0,0,0.051,0.049,0,0,0,0,0,0,0,0,0,0,0,0,0,0,0,0,0,0,0,0,0,0,0,0,0,0,0,0,0.306,0,0,0.1,0.275,0,0,0,0.08,0,0.023
46-1,0.0147,5.9e-7,2.19e-7,1.58,0.076,0,0,0,0,0,0,0,0,0,0,0,0,0,0,0,0,0,0,0,0,0,0,0,0,0,0,0,0,0,0,0,0,0,0,0,0,0,0,0,0,0,0,0,0,0,0,0,0,0,0,0,0,0,0,0,0,0,0,0,0,0,0,0,0.126,0,0,0,0,0,0,0,0,0,0,0,0,0,0,0,0,0,0,0,0,0,0,0,0,0,0,0.038,0,0,0,0,0,0,0,0,0,0,0.197,0,0,0,0,0.082,0,0,0,0,0,0.544,0.05,0,0,0,0,0,0,0,0,0,0,0,0.096,0,0,0,0,0,0,0,0,0,0.326,0.143,0.063,0,0,0,0,0,0,0,0.138,0,0.172,0,0,0.13,0,0,0,0,0,0.106,0,0,0,0,0,0,0,0,2.91,0.076,0,0.628,0.741,0,0,0.13,0,0,0
49-1,0.00271,1.08e-7,4.02e-8,0.29,0,0,0,0,0,0,0,0,0,0,0,0,0,0,0,0,0,0,0,0,0,0,0,0,0,0,0,0,0,0,0,0,0,0,0,0,0,0,0,0,0,0,0,0,0,0,0,0,0,0,0,0,0,0,0,0,0,0,0,0,0,0,0,0,0.05,0,0,0,0,0,0,0,0,0,0,0,0,0,0,0,0,0,0,0,0,0,0,0,0,0,0,0,0,0,0,0,0,0,0,0,0,0,0.067,0,0,0,0,0,0,0,0,0,0,0.119,0,0,0,0,0,0,0,0,0,0,0,0,0,0,0,0,0,0,0,0,0,0,0.063,0.041,0,0,0,0,0,0,0,0,0,0,0,0,0,0,0,0,0,0,0,0,0,0,0,0,0,0,0,0,0.378,0,0,0.104,0.186,0,0,0,0,0,0
1 NY,0.19,7.62e-6,2.83e-6,20.4,0.314,0,0,0,0,0,0,0,0,0,0,0,0,0,0,0,0,0,0,0,0,0,0.122,0,0,0,0,0,0,0,0,0,0,0,0,0,0,0,0.035,0,0,0,0,0,0,0.041,0,0,0.196,0,0,0.171,0,0,0,0,0.029,0,0,0,0,0,0,0.507,1.55,0,0,0,0,0,0,0,0,0,0,0,0,0,0,0,0,0,0,0,0.05,0,0,0,0,0,0,0.344,0.287,0,0,0,0,0.05,0,0,0,0,1.96,0.102,0,0,0,0.587,0,0,0,0,0,5.16,0,0,0.281,0.077,0.116,0.053,0,0,0,0,0.198,0,1,0.108,0.08,0,0,0,0,0.077,0.053,0,2.75,1.17,0.517,0,0,0,0,0.041,0,0.142,0.553,0.183,0.834,0,0,0.615,0,0,0,0,0,0.318,0,0.135,0,0,0,0.464,0,3.44,25.6,0.314,0,5.82,8.82,0,0.453,2,2.45,0.443,0.122
53-1,1.9,7.62e-5,2.83e-5,204,1.94,0,0,0,0,0,0,0.195,0,0,0,0,0,0,0,0,0,0,0,0,0,0,2.53,0,0,0,0,0,0.398,0,0,0,0.193,0,0,0,0,0,0.649,0,0,0,0,0,0,0.765,0,0,4.78,0,0.442,3.13,0,0,0,0.153,0.765,0,0,0,0,0,0,6.93,15.9,0.652,0,0.735,0,0,0.511,0,0,0.201,0,0,0.592,0,0,0,0.217,0,0.359,0,0.342,0,0.206,0,0,0,0,5.67,2.88,0.09,0.327,0,0,0.585,0,0,0,0.319,17.2,0.419,0,0,0,5.8,0.229,0,0,0.104,0,34.1,0.084,0,2.72,0.764,1.54,0.48,0,0.275,0,0.148,1.23,0,9.99,0.926,1.37,0,0.153,0.19,0,1.59,1.37,0,13.3,12.9,4.02,0,0,0,0,0.521,0.152,1.76,10.3,2.61,7.51,0.2,0.202,10.2,0,0.35,0.991,0,0.397,4.54,0.318,1.32,0,0,0,9.61,0,60.3,164,1.94,0.195,48.2,69.3,0,6.18,32.8,31.7,10.9,2.93
57-1,0.777,3.11e-5,1.15e-5,83.2,0.907,0,0,0,0,0,0,0,0,0,0,0.10400000000000004,0,0,0,0,0,0,0,0,0,0,0.189,0,0,0,0,0,0,0,0,0,0.098,0,0,0,0,0,0.055,0,0,0,0,0,0,0.08,0,0,2.2,0,0.168,0.289,0,0,0,0,0.563,0,0,0,0,0,0,4.29,12.2,0.104,0,0.29,0,0,0.349,0,0,0,0,0,0.174,0,0,0,0.225,0,0,0,0.073,0,0,0,0,0,0,1.19,1.15,0,0.048,0,0,0.245,0,0.047,0,0,4.52,0.112,0,0,0,2.9,0.047,0,0,0,0,17.4,0.06,0,2.5,0.482,0.219,0.169,0,0.095,0.037,0.111,0.778,0,4.7,0.252,0.447,0,0,0,0,0.176,0.303,0,1.65,4.41,1.06,0,0,0,0,0.282,0,0.603,4.32,1.3,2.48,0.075,0.067,4.12,0,0.058,0.234,0,0.205,2.13,0.054,0.636,0,0,0,0.718,0,11.9,44.5,0.907,0,13.9,30.8,0,2.82,12.6,18.6,3.37,0.189
2,0.0129,5.15e-7,1.91e-7,1.38,0,0,0,0,0,0,0,0,0,0,0,0.08200000000000002,0,0,0,0,0,0,0,0,0,0,0,0,0,0,0.217,0,0,0,0,0,0,0,0,0,0,0,0,0,0,0,0,0,0,0,0,0,0,0,0,0,0,0,0,0,0,0,0,0,0,0,0,0.068,0.208,0,0,0,0,0,0,0,0,0,0,0,0,0,0,0,0,0,0,0,0,0,0,0,0,0,0,0.026,0,0,0,0,0,0,0,0,0,0,0.188,0,0,0,0,0.077,0,0,0,0,0,0.492,0,0,0,0,0,0,0,0,0,0,0,0,0.087,0,0,0,0,0,0,0,0,0,0.229,0.099,0,0,0,0,0,0,0,0,0,0,0,0,0,0,0,0,0,0,0,0,0,0,0,0,0,0,0,0,1.9,0,0,0.415,0.757,0,0,0,0.208,0,0
3,0.0369,1.47e-6,5.47e-7,3.95,0.175,0,0,0,0,0,0,0,0,0,0,0.33000000000000007,0,0,0,0,0,0,0,0,0,0,0.066,0,0,0,0,0,0,0,0,0,0,0,0,0,0,0,0,0,0,0,0,0,0,0,0,0,0.072,0,0,0.099,0,0,0,0,0,0,0,0,0,0,0,0.186,0.446,0,0,0,0,0,0,0,0,0,0,0,0,0,0,0,0,0,0,0,0,0,0,0,0,0,0,0.18,0.063,0,0,0,0,0,0,0,0,0,0.41,0,0,0,0,0.124,0,0,0,0,0,0.57,0,0,0.05,0,0.042,0,0,0,0,0,0.028,0,0.136,0,0,0,0,0,0,0.044,0.03,0,0.152,0.319,0.051,0,0,0,0,0,0,0,0.107,0,0.142,0,0,0.223,0,0,0,0,0,0.173,0,0.104,0,0,0,0,0,1.8,2.03,0.175,0,0.732,1.25,0,0.277,0.472,0.812,0.171,0.066
4,1.26,5.04e-5,1.87e-5,135,0,0,0,0,0,0,0,0,0,0,0,0,0,0,0,0,0,0,0,0,0,0,0,0,0,0,0,0,0,0,0,0,0,0,0,0,0,0,0,0,0,0,0,0,0,0,0,0,0.115,0,0,0,0,0,0,0,0,0,0,0,0,0,0,0.82,2.8,0,0,0,0,0,0,0,0,0,0,0,0.24,0,0,0,0,0,0,0,0,0,0,0,0,0,0,0.42,0.788,0,0,0,0.055,0.155,0,0,0,0,11.1,0,0,0,0,2.96,0,0,0,0,0,24.5,0,0,1.14,0.162,0.716,0.756,0,0.197,0,0,0.578,0,9.56,1.19,1.08,0,0,0.107,0,0.724,0.691,0,23.8,21.4,4.77,0,0,0,0,0.383,0.337,2.2,5.54,2,6.04,0.153,0.147,6.19,0,0.149,0.331,0,0.233,0.772,0.107,0.176,0,0,0,0,0,4.2,229,0,0,66.2,43.1,0,1.06,20.4,4.04,0.115,0
6,0.00566,2.26e-7,8.4e-8,0.606,0,0,0,0,0,0,0,0,0,0,0,0.07900000000000001,0,0,0,0,0,0,0,0,0,0,0,0,0,0,0,0,0,0,0,0,0,0,0,0,0,0,0,0,0,0,0,0,0,0,0,0,0,0,0,0,0,0,0,0,0,0,0,0,0,0,0,0,0.094,0,0,0,0,0,0,0,0,0,0,0,0,0,0,0,0,0,0,0,0,0,0,0,0,0,0,0,0,0,0,0,0,0,0,0,0,0,0.119,0,0,0,0,0,0,0,0,0,0,0.19,0,0,0,0,0,0,0,0,0,0,0,0,0,0,0,0,0,0,0,0,0,0,0.086,0.074,0,0,0,0,0,0,0,0,0,0,0.04,0,0,0.043,0,0,0,0,0,0,0,0,0,0,0,0,0,0,0.516,0,0,0.16,0.309,0,0,0.043,0.094,0,0
7,0.00394,1.58e-7,5.85e-8,0.422,0,0,0,0,0,0,0,0,0,0,0,0.26,0,0,0,0,0,0,0,0,0,0,0,0,0,0,0,0,0,0,0,0,0,0,0,0,0,0,0,0,0,0,0,0,0,0,0,0,0,0,0,0,0,0,0,0,0,0,0,0,0,0,0,0,0,0,0,0,0,0,0,0,0,0,0,0,0,0,0,0,0,0,0,0,0,0,0,0,0,0,0,0,0,0,0,0,0,0,0,0,0,0,0.088,0,0,0,0,0,0,0,0,0,0,0.167,0,0,0,0,0,0,0,0,0,0,0,0,0,0,0,0,0,0,0,0,0,0,0.102,0.065,0,0,0,0,0,0,0,0,0,0,0,0,0,0,0,0,0,0,0,0,0,0,0,0,0,0,0,0,0.612,0,0,0.167,0.255,0,0,0,0,0,0
8,0.00143,5.71e-8,2.12e-8,0.153,0,0,0,0,0,0,0,0,0,0,0,0.18600000000000005,0,0,0,0,0,0,0,0,0,0,0,0,0,0,0,0,0,0,0,0,0,0,0,0,0,0,0,0,0,0,0,0,0,0,0,0,0,0,0,0,0,0,0,0,0,0,0,0,0,0,0,0,0,0,0,0,0,0,0,0,0,0,0,0,0,0,0,0,0,0,0,0,0,0,0,0,0,0,0,0,0,0,0,0,0,0,0,0,0,0,0.046,0,0,0,0,0,0,0,0,0,0,0.069,0,0,0,0,0,0,0,0,0,0,0,0,0,0,0,0,0,0,0,0,0,0,0.038,0,0,0,0,0,0,0,0,0,0,0,0,0,0,0,0,0,0,0,0,0,0,0,0,0,0,0,0,0,0.228,0,0,0.038,0.115,0,0,0,0,0,0
9,0.0186,7.43e-7,2.76e-7,1.99,0.078,0,0,0,0,0,0,0,0,0,0,0,0,0,0,0,0,0,0,0,0,0,0,0,0,0,0,0,0,0,0,0,0,0,0,0,0,0,0,0,0,0,0,0,0,0,0,0,0,0,0,0,0,0,0,0,0,0,0,0,0,0,0,0.078,0.174,0,0,0,0,0,0,0,0,0,0,0,0,0,0,0,0,0,0,0,0,0,0,0,0,0,0,0.091,0,0,0,0,0,0,0,0,0,0,0.336,0.04,0.04,0,0,0.082,0,0,0,0,0,0.383,0,0,0,0,0,0,0,0,0,0,0,0,0.087,0,0,0,0,0,0,0,0,0,0.172,0.297,0,0,0,0,0,0,0,0,0.085,0,0.124,0,0,0.112,0,0,0.04,0,0,0,0,0,0,0,0,0,0,0.91,1.55,0.078,0,0.556,0.841,0,0,0.249,0.265,0,0
58-1,0.0136,5.45e-7,2.02e-7,1.46,0.063,0,0,0,0,0,0,0,0,0,0,0,0,0,0,0,0,0,0,0,0,0,0,0,0,0,0,0,0,0,0,0,0,0,0,0,0,0,0,0,0,0,0,0,0,0,0,0,0,0,0,0,0,0,0,0,0,0,0,0,0,0,0,0,0.109,0,0,0,0,0,0,0,0,0,0,0,0,0,0,0,0,0,0,0,0,0,0,0,0,0,0,0,0,0,0,0,0,0,0,0,0,0,0,0,0,0,0,0,0,0,0,0,0,0.6,0,0,0,0,0,0,0,0,0,0,0,0,0.16,0,0,0,0,0,0,0,0,0,0.311,0.14,0.081,0,0,0,0,0,0,0,0.094,0,0.108,0,0,0,0,0,0,0,0,0.166,0,0,0,0,0,0,0,0,3.31,0.063,0,0.692,0.6,0,0,0,0.109,0,0
62-3,0.187,7.47e-6,2.77e-6,20,0.227,0,0,0,0,0,0,0,0,0,0,0,0,0,0,0,0,0,0,0,0,0,0,0,0,0,0,0,0,0,0,0,0,0,0,0,0,0,0,0,0,0,0,0,0,0,0,0,0.069,0,0,0.068,0,0,0,0,0,0,0,0,0,0,0,0.159,0.532,0,0,0,0,0,0,0,0,0,0,0,0,0,0,0,0,0,0,0,0,0,0,0,0,0,0,0.244,0.228,0,0,0,0,0,0,0,0,0,1.98,0.194,0,0,0,0.513,0,0,0,0,0,3,0,0,0.1,0,0.147,0.071,0,0,0,0,0.112,0,1.27,0.202,0.191,0,0.079,0,0,0.254,0.156,0,3.62,1.93,0.701,0,0,0,0,0.058,0,0.207,0.97,0.277,1.17,0,0,0.947,0,0,0.091,0,0,0.406,0,0,0,0,0,0,0,2.44,33.5,0.227,0,8.59,6.35,0,0.406,3.36,0.935,0.137,0
64-1,0.0155,6.2e-7,2.3e-7,1.66,0.08,0,0,0,0,0,0,0,0,0,0,0,0,0,0,0,0,0,0,0,0,0,0,0,0,0,0,0,0,0,0,0,0,0,0,0,0,0,0,0,0,0,0,0,0,0,0,0,0,0,0,0,0,0,0,0,0,0,0,0,0,0,0,0,0.123,0,0,0,0,0,0,0,0,0,0,0,0,0,0,0,0,0,0,0,0,0,0,0,0,0,0,0,0,0,0,0,0,0,0,0,0,0,0.225,0,0,0,0,0.076,0,0,0,0,0,0.486,0,0,0,0,0,0,0,0,0,0,0,0,0.091,0,0,0,0,0,0,0,0,0,0.244,0.265,0.066,0,0,0,0,0,0,0,0,0,0,0,0,0,0,0,0,0,0,0,0,0.092,0,0,0,0,0,0,2.41,0.08,0,0.666,0.787,0,0,0,0.123,0,0
69-1,0.0152,6.09e-7,2.26e-7,1.63,0,0,0,0,0,0,0,0,0,0,0,0,0,0,0,0,0,0,0,0,0,0,0,0,0,0,0,0,0,0,0,0,0,0,0,0,0,0,0,0,0,0,0,0,0,0,0,0,0,0,0,0,0,0,0,0,0,0,0,0,0,0,0,0,0.145,0,0,0,0,0,0,0,0,0,0,0,0,0,0,0,0,0,0,0,0,0,0,0,0,0,0,0,0,0,0,0,0,0,0,0,0,0,0.222,0,0,0,0,0.059,0,0,0,0,0,0.433,0,0,0,0,0,0,0,0,0,0,0,0,0.095,0,0,0,0,0,0,0,0,0,0.239,0.162,0,0,0,0,0,0,0,0,0.152,0,0,0,0,0.125,0,0,0,0,0,0,0,0,0,0,0,0,0,0,2,0,0,0.496,0.714,0,0,0.277,0.145,0,0
70-1,0.0672,2.69e-6,9.98e-7,7.2,0.201,0,0,0,0,0,0,0,0,0,0,0,0,0,0,0,0,0,0,0,0,0,0,0,0,0,0,0,0,0,0,0,0,0,0,0,0,0,0,0,0,0,0,0,0,0,0,0,0,0,0,0.058,0,0,0,0,0,0,0,0,0,0,0,0.122,0.442,0,0,0,0,0,0,0,0,0,0,0,0,0,0,0,0,0,0,0,0,0,0,0,0,0,0,0.074,0.079,0,0,0,0,0,0,0,0,0,0.331,0,0,0,0,0.145,0,0,0,0,0,2.1,0,0,0.137,0,0,0,0,0,0,0,0.065,0,0.506,0,0,0,0,0,0,0,0,0,1.47,0.241,0.196,0,0,0,0,0,0,0.054,0.378,0,0.454,0,0,0.383,0,0,0,0,0,0.262,0,0,0,0,0,0,0,0,13,0.201,0,2.47,2.86,0,0.262,0.837,0.516,0.058,0
72-1,1.05,4.22e-5,1.57e-5,113,0.47,0,0,0,0,0,0,0,0,0,0,0,0,0,0,0,0,0,0,0,0,0,0.462,0,0,0,0,0,0,0,0,0,0,0,0,0,0,0,0,0,0,0,0,0,0,0.147,0,0,1.57,0,0.14,0.886,0,0,0,0,0.175,0,0,0,0,0,0,5.52,14.5,0.293,0,0.601,0,0,0.358,0,0,0.119,0,0,0.215,0,0,0,0.142,0,0.245,0,0.162,0,0,0,0,0,0,4.15,2.3,0,0.104,0,0,0.332,0,0,0,0.114,14.2,0.15,0,0,0,3.81,0,0,0,0,0,24.3,0,0,2.02,0.415,1.21,0.309,0,0.134,0,0.104,0.844,0,4.61,0.319,0.562,0,0,0.063,0,0.622,0.629,0,5.16,8.68,1.39,0,0,0,0,0.227,0,1.06,2.47,0.838,1.91,0,0,2.7,0,0.08,0.321,0,0.083,0.837,0,0.298,0,0,0,1.76,0,44,67,0.47,0,23.3,50.3,0,1.14,8.32,26.1,2.74,0.462
74-1,0.0193,7.7300000000000005e-07,2.87e-7,2.07,0,0,0,0,0,0,0,0,0,0,0,0,0,0,0,0,0,0,0,0,0,0,0,0,0,0,0,0,0,0,0,0,0,0,0,0,0,0,0,0,0,0,0,0,0,0,0,0,0,0,0,0,0,0,0,0,0,0,0,0,0,0,0,0,0.231,0,0,0,0,0,0,0,0,0,0,0,0,0,0,0,0,0,0,0,0,0,0,0,0,0,0,0.079,0,0,0,0,0,0,0,0,0,0,0.399,0,0,0,0,0.12,0,0,0,0,0,0.595,0,0,0,0,0,0,0,0,0,0,0,0,0.148,0,0,0,0,0,0,0,0,0,0.345,0.2,0,0,0,0,0,0,0,0,0.108,0,0.157,0,0,0.182,0,0,0,0,0,0,0,0,0,0,0,0,0,0,2.07,0,0,0.545,1.11,0,0,0.182,0.231,0,0
77-1,0.385,1.54e-5,5.72e-6,41.3,1.22,0,0,0,0,0,0,0,0,0,0,0.23800000000000004,0,0,0,0,0,0,0,0,0,0,0.039,0,0,0,0,0,0,0,0,0,0,0,0,0,0,0,0,0,0,0,0,0,0,0,0,0,0.341,0,0,0,0,0,0,0,0,0,0,0,0,0,0,0.56,2.8,0,0,0.204,0,0,0,0,0,0,0,0,0,0,0,0,0,0,0,0,0,0,0,0,0,0,0,0.692,0.449,0,0,0,0,0.116,0,0,0,0,3.04,0,0,0,0,1.55,0,0,0,0,0,9.71,0,0,0.468,0.106,0.161,0.09,0,0,0,0,0.263,0,1.77,0.194,0.195,0,0,0,0,0,0.085,0,4.86,2.02,1.03,0,0,0,0,0.082,0,0.258,1.39,0.464,2.43,0.096,0,2.09,0,0,0.129,0,0.087,1.55,0.23,0.639,0,0,0,0,0,6.92,46,1.22,0,10.5,16,0,2.42,6.6,4.26,0.341,0.039
82-1,0.0329,1.31e-6,4.88e-7,3.52,0.166,0,0,0,0.219,0,0,0,0,0,0,0.15800000000000003,0,0,0,0,0,0,0,0,0,0,0,0,0,0,0,0,0,0,0,0,0,0,0,0,0,0,0,0,0,0,0,0,0,0,0,0,0.069,0,0,0,0,0,0,0,0,0,0,0,0,0,0,0.124,0.459,0,0,0,0,0,0,0,0,0,0,0,0,0,0,0,0,0,0,0,0,0,0,0,0,0,0,0.167,0.055,0,0,0,0,0,0,0,0,0,0.444,0,0,0,0,0.183,0,0,0,0,0,1.18,0,0,0.07,0,0,0,0,0,0,0,0,0,0.182,0,0,0,0,0,0,0,0,0,0.183,0.27,0,0,0,0,0,0,0,0,0.246,0,0,0,0,0.178,0,0,0,0,0,0.26,0,0,0,0,0,0,0,0,1.09,0.166,0,0.452,1.93,0,0.26,0.178,0.459,0.069,0
84-1,0.00189,7.58e-8,2.81e-8,0.203,0,0,0,0,0,0,0,0,0,0,0,0.37300000000000005,0,0,0,0,0,0,0,0,0,0,0,0,0,0,0,0,0,0,0,0,0,0,0,0,0,0,0,0,0,0,0,0,0,0,0,0,0,0,0,0,0,0,0,0,0,0,0,0,0,0,0,0,0,0,0,0,0,0,0,0,0,0,0,0,0,0,0,0,0,0,0,0,0,0,0,0,0,0,0,0,0,0,0,0,0,0,0,0,0,0,0.089,0,0,0,0,0,0,0,0,0,0,0.114,0,0,0,0,0,0,0,0,0,0,0,0.039,0,0,0,0,0,0,0,0,0,0,0,0,0,0,0,0,0,0,0,0,0,0,0,0,0,0,0,0,0,0,0,0,0,0,0,0,0,0,0,0,0,0,0,0,0.203,0,0,0,0,0,0
86-1,0.0093,3.72e-7,1.38e-7,0.996,0,0,0,0,0,0,0,0,0,0,0,0,0,0,0,0,0,0,0,0,0,0,0,0,0,0,0,0,0,0,0,0,0,0,0,0,0,0,0,0,0,0,0,0,0,0,0,0,0,0,0,0,0,0,0,0,0,0,0,0,0,0,0,0,0.086,0,0,0,0,0,0,0,0,0,0,0,0,0,0,0,0,0,0,0,0,0,0,0,0,0,0,0,0,0,0,0,0,0,0,0,0,0,0.145,0,0,0,0,0,0,0,0,0,0,0.232,0,0,0,0,0,0,0,0,0,0,0,0,0.064,0,0,0,0,0,0,0,0,0,0.209,0.102,0,0,0,0,0,0,0,0,0,0,0.158,0,0,0,0,0,0,0,0,0,0,0,0,0,0,0,0,0,1.64,0,0,0.375,0.377,0,0,0.158,0.086,0,0
87-1,0.0505,2.02e-6,7.5e-7,5.41,0.129,0,0,0,0,0,0,0,0,0,0,0,0,0,0,0,0,0,0,0,0,0,0,0,0,0,0,0,0,0,0,0,0,0,0,0,0,0,0,0,0,0,0,0,0,0,0,0,0.289,0,0,0,0,0,0,0,0,0,0,0,0,0,0,0.294,0.826,0,0,0,0,0,0,0,0,0,0,0,0,0,0,0,0,0,0,0,0,0,0,0,0,0,0,0.207,0.079,0,0,0,0,0,0,0,0,0,0.487,0,0,0,0,0.124,0,0,0,0,0,0.947,0,0,0.07,0,0,0,0,0,0,0,0.042,0,0.22,0,0.031,0,0,0,0,0,0,0,0.629,0.218,0.101,0,0,0,0,0,0,0.038,0.23,0,0.267,0,0,0.19,0,0,0,0,0,0.198,0,0,0,0,0,0,0,0,5.7,0.129,0,1.24,1.75,0,0.198,0.687,1.12,0.289,0
89-1,1.61,6.42e-5,2.38e-5,172,2.35,0,0,0,0,0,0,0,0,0,0,0.08200000000000002,0,0,0,0,0,0,0,0,0,0,0.059,0,0,0,0,0,0,0,0,0,0,0,0,0,0,0,0,0,0,0,0,0,0,0,0,0,0.858,0,0,0.191,0,0,0,0,0,0,0,0,0,0,0,3.76,9.94,0.112,0,0.18,0,0,0.218,0,0,0.119,0,0,0.155,0,0,0,0.111,0,0,0,0.056,0,0,0,0,0,0,1.33,1.95,0,0,0,0,0.171,0,0,0,0,9.16,0.105,0,0,0,2.66,0,0,0,0,0,28.8,0,0,2.44,0.604,0.472,0.237,0,0.176,0,0.097,1.37,0,11.2,0.526,0.58,0,0,0,0,0.304,0.218,0,30.5,5.36,2.83,0,0,0,0,0.521,0.238,1.3,17.4,4.41,12.2,0.231,0,10.7,0,0,0.223,0,0.722,4.53,0.365,0.718,0,0,0,0,0,13.3,267,2.35,0,53.6,48,0,5.61,45.9,15.7,0.858,0.059
94-3,0.00711,2.84e-7,1.06e-7,0.762,0,0,0,0,0,0,0,0,0,0,0,0.603,0,0,0,0,0,0,0,0,0,0,0,0,0,0,0,0,0,0,0,0,0,0,0,0,0,0,0,0,0,0,0,0,0,0,0,0,0,0,0,0,0,0,0,0,0,0,0,0,0,0,0,0,0.09,0,0,0,0,0,0,0,0,0,0,0,0,0,0,0,0,0,0,0,0,0,0,0,0,0,0,0,0,0,0,0,0,0,0,0,0,0,0.104,0,0,0,0,0,0,0,0,0,0,0.24,0,0,0,0,0,0,0,0,0,0,0,0,0.08,0,0,0,0,0,0,0,0,0,0.178,0.07,0,0,0,0,0,0,0,0,0.1,0,0.081,0,0,0,0,0,0,0,0,0,0,0,0,0,0,0,0,0,1.55,0,0,0.328,0.344,0,0,0,0.09,0,0
95-1,0.035,1.4e-6,5.2e-7,3.75,0.081,0,0,0,0,0,0,0,0,0,0,0.067,0,0,0,0,0,0,0,0,0,0,0,0,0,0,0,0,0,0,0,0,0,0,0,0,0,0,0,0,0,0,0,0,0,0,0,0,0.062,0,0,0.042,0,0,0,0,0,0,0,0,0,0,0,0.152,0.429,0,0,0,0,0,0,0,0,0,0,0,0,0,0,0,0,0,0,0,0,0,0,0,0,0,0,0.165,0,0,0,0,0,0,0,0,0,0,0.611,0,0,0,0,0.176,0,0,0,0,0,0.891,0,0,0,0,0,0,0,0,0,0,0,0,0.211,0,0,0,0,0,0,0.076,0,0,0.232,0.346,0.073,0,0,0,0,0,0,0,0.221,0,0.164,0,0,0.281,0,0,0,0,0,0,0,0,0,0,0,0,0,1.65,3.1,0,0,0.938,1.68,0,0,0.281,0.746,0.104,0
96-2,0.0303,1.21e-6,4.5e-7,3.25,0.071,0,0,0,0,0,0,0,0,0,0,0.07400000000000001,0,0,0,0,0,0,0,0,0,0,0,0,0,0,0,0,0,0,0,0,0,0,0,0,0,0,0,0,0,0,0,0,0,0,0,0,0.086,0,0,0,0,0,0,0,0,0,0,0,0,0,0,0.104,0.43,0,0,0,0,0,0,0,0,0,0,0,0,0,0,0,0,0,0,0,0,0,0,0,0,0,0,0.143,0.075,0,0,0,0,0,0,0,0,0,0.48,0,0,0,0,0.113,0,0,0,0,0,0.711,0,0,0,0,0,0,0,0,0,0,0,0,0.135,0,0,0,0,0,0,0,0,0,0.312,0.202,0.078,0,0,0,0,0,0,0,0.106,0,0.146,0,0,0.115,0,0,0,0,0,0.153,0,0,0,0,0,0,0,1.43,3.15,0.071,0,0.727,1.38,0,0.153,0.261,0.573,0.086,0
98-1,0.00332,1.33e-7,4.93e-8,0.356,0,0,0,0,0,0,0,0,0,0,0,0.08600000000000002,0,0,0,0,0,0,0,0,0,0,0,0,0,0,0,0,0,0,0,0,0,0,0,0,0,0,0,0,0,0,0,0,0,0,0,0,0,0,0,0,0,0,0,0,0,0,0,0,0,0,0,0,0,0,0,0,0,0,0,0,0,0,0,0,0,0,0,0,0,0,0,0,0,0,0,0,0,0,0,0,0,0,0,0,0,0,0,0,0,0,0.069,0,0,0,0,0,0,0,0,0,0,0.163,0,0,0,0,0,0,0,0,0,0,0,0,0,0,0,0,0,0,0,0,0,0,0.124,0,0,0,0,0,0,0,0,0,0,0,0,0,0,0,0,0,0,0,0,0.099,0,0,0,0,0,0,0,0,0.744,0,0,0.124,0.232,0,0,0,0,0,0
119-4,0.0392,1.57e-6,5.82e-7,4.2,0.14,0,0,0,0,0,0,0,0,0,0,0,0,0,0,0,0,0,0,0,0,0,0,0,0,0,0,0,0,0,0,0,0,0,0,0,0,0,0,0,0,0,0,0,0,0,0,0,0,0,0,0,0,0,0,0,0,0,0,0,0,0,0,0,0.194,0,0,0,0,0,0,0,0,0,0,0,0,0,0,0,0,0,0,0,0,0,0,0,0,0,0,0.076,0.065,0,0,0,0,0,0,0,0,0,0.438,0,0,0,0,0.116,0,0,0,0,0,0.927,0.07,0,0.046,0,0,0,0,0,0,0,0.041,0,0.214,0,0,0,0,0,0,0,0,0,0.611,0.427,0.102,0,0,0,0,0,0,0,0.244,0,0.319,0,0,0.3,0,0,0,0,0,0.263,0,0,0,0,0,0,0,0,5.56,0.14,0,1.35,1.63,0,0.263,0.619,0.194,0,0
122-1,0.00551,2.2e-7,8.18e-8,0.59,0.053,0,0,0,0,0,0,0,0,0,0,0,0,0,0,0,0,0,0,0,0,0,0,0,0,0,0,0,0,0,0,0,0,0,0,0,0,0,0,0,0,0,0,0,0,0,0,0,0,0,0,0,0,0,0,0,0,0,0,0,0,0,0,0,0,0,0,0,0,0,0,0,0,0,0,0,0,0,0,0,0,0,0,0,0,0,0,0,0,0,0,0,0,0,0,0,0,0,0,0,0,0,0.06,0,0,0,0,0,0,0,0,0,0,0.17,0,0,0,0,0,0,0,0,0,0,0,0,0.07,0,0,0,0,0,0,0,0,0,0.168,0.069,0,0,0,0,0,0,0,0,0.147,0,0.123,0,0,0.055,0,0,0,0,0,0,0,0,0,0,0,0,0,0,1.43,0.053,0,0.307,0.23,0,0,0,0,0,0
123-1,0.396,1.58e-5,5.88e-6,42.4,1.1,0,0,0,0,0,0,0,0,0,0,0,0,0,0,0,0,0,0,0,0,0,0.04,0,0,0,0,0,0,0,0,0,0,0,0,0,0,0,0,0,0,0,0,0,0,0,0,0,0.403,0,0,0.083,0,0,0,0,0,0,0,0,0,0,0,1.1,3.94,0,0,0,0,0,0.105,0,0,0,0,0,0,0,0,0,0,0,0,0,0,0,0,0,0,0,0,0.479,0.47,0,0,0,0.071,0.075,0,0,0,0,2.91,0,0,0,0,0.745,0,0,0,0,0,8.97,0,0,0.583,0.161,0.189,0.078,0,0,0,0,0.374,0,1.89,0.142,0.144,0,0,0,0,0.074,0.158,0,5.51,1.93,0.805,0,0,0,0,0.1,0.056,0.294,1.96,0.552,2.37,0.069,0,1.99,0,0,0.129,0,0.089,1.74,0.162,0.52,0,0,0,0,0,4.79,49.2,1.1,0,11.1,14.6,0,2.42,7.07,5.62,0.486,0
128-1,0.0278,1.11e-6,4.13e-7,2.98,0.205,0,0,0,0,0,0,0,0,0,0,0,0,0,0,0,0,0,0,0,0,0,0,0,0,0,0,0,0,0,0,0,0,0,0,0,0,0,0,0,0,0,0,0,0,0,0,0,0,0,0,0,0,0,0,0,0,0,0,0,0,0,0,0,0.102,0,0,0,0,0,0,0,0,0,0,0,0,0,0,0,0,0,0,0,0,0,0,0,0,0,0,0,0,0,0,0,0,0,0,0,0,0,0.12,0,0,0,0,0.062,0,0,0,0,0,0.483,0,0,0,0,0,0,0,0,0,0,0,0,0.198,0,0,0,0,0,0,0,0,0,0.52,0.197,0.095,0,0,0,0,0,0,0,0.314,0,0.335,0,0,0.187,0,0,0,0,0,0.219,0,0,0,0,0,0,0,0,4.88,0.205,0,1.01,0.603,0,0.219,0.836,0.102,0,0
131-1,1.35,5.41e-5,2.01e-5,145,0.416,0,0,0,0,0,0,0,0,0,0,0,0,0,0,0,0,0,0,0,0,0,0.349,0,0,0,0,0,0,0,0,0,0,0,0,0,0,0,0,0,0,0,0,0,0,0.163,0,0,1.47,0,0.107,0.384,0,0,0,0,0.211,0,0,0,0,0,0,2.07,5.45,0.12,0,0.211,0,0,0.168,0,0,0,0,0,0.475,0,0,0,0,0,0,0,0.056,0,0,0,0,0,0,1.54,1.42,0.097,0.098,0,0.065,0.334,0,0,0,0.065,15,0.117,0,0,0,4.69,0,0,0,0,0,25.6,0,0,1.2,0.288,0.911,0.868,0,0.208,0,0.051,0.684,0,9.29,0.911,1.27,0,0,0.12,0,1.57,1.23,0,15,23.9,3.95,0,0,0,0,0.364,0.172,2.46,5.14,1.96,4.47,0.14,0.155,6.15,0,0.172,0.56,0,0.254,0.965,0.131,0.305,0,0,0,1.33,0,15.4,169,0.416,0,60.2,51.6,0,1.27,18.7,9.56,2.34,0.349
132-1,0.111,4.44e-6,1.65e-6,11.9,0.247,0,0,0,0,0,0,0,0,0,0,0,0,0,0,0,0,0,0,0,0,0,0.037,0,0,0,0,0,0,0,0,0,0,0,0,0,0,0,0,0,0,0,0,0,0,0,0,0,0.138,0,0,0.08,0,0,0,0,0,0,0,0,0,0,0,0.271,0.719,0,0,0,0,0,0,0,0,0,0,0,0,0,0,0,0,0,0,0,0,0,0,0,0,0,0,0.308,0.202,0,0,0,0,0,0,0,0,0,1.39,0,0,0,0,0.373,0,0,0,0,0,2.04,0,0,0.109,0.047,0.101,0,0,0,0,0,0.082,0,0.545,0.081,0.109,0,0,0,0,0.097,0.112,0,1.44,0.763,0.299,0,0,0,0,0.041,0,0.093,0.521,0.172,0.588,0,0,0.594,0,0,0.055,0,0,0.322,0,0.138,0,0,0,0,0,3.08,13.7,0.247,0,3.33,4.34,0,0.46,1.93,1.3,0.218,0.037
136-1,0.0674,2.7e-6,1e-6,7.22,0.171,0,0,0,0,0,0,0,0,0,0,0,0,0,0,0,0,0,0,0,0,0,0.065,0,0,0,0,0,0,0,0,0,0,0,0,0,0,0,0,0,0,0,0,0,0,0,0,0,0.058,0,0,0,0,0,0,0,0,0,0,0,0,0,0,0.164,0.487,0,0,0,0,0,0,0,0,0,0,0,0,0,0,0,0,0,0,0,0,0,0,0,0,0,0,0.208,0.097,0,0,0,0,0,0,0,0,0,0.723,0,0,0,0,0.2,0,0,0,0,0,1.32,0,0,0.072,0,0,0,0,0,0,0,0,0,0.198,0,0,0,0,0,0,0,0,0,0.589,0.354,0.125,0,0,0,0,0,0,0.041,0.288,0,0.669,0,0,0.485,0,0,0,0,0,0.691,0,0.21,0,0,0,0.247,0,2.08,5.47,0.171,0,1.31,2.41,0,0.901,1.44,0.859,0.058,0.065
138-1,0.0446,1.78e-6,6.63e-7,4.78,0.234,0,0,0,0,0,0,0,0,0,0,0,0,0,0,0,0,0,0,0,0,0,0,0,0,0,0,0,0,0,0,0,0,0,0,0,0,0,0,0,0,0,0,0,0,0,0,0,0,0,0,0,0,0,0,0,0,0,0,0,0,0,0,0.094,0.372,0,0,0,0,0,0,0,0,0,0,0,0,0,0,0,0,0,0,0,0,0,0,0,0,0,0,0,0.099,0,0,0,0,0,0,0,0,0,0.218,0,0,0,0,0.108,0,0,0,0,0,1.16,0,0,0.096,0,0,0,0,0,0,0,0.062,0,0.341,0,0,0,0,0,0,0,0,0,0.726,0.245,0.161,0,0,0,0,0,0,0,0.308,0,0.269,0,0,0.159,0,0,0,0,0,0.22,0.118,0,0,0,0,0,0,0,7.37,0.234,0,1.47,1.74,0,0.22,0.736,0.372,0,0
142-1,0.25,1e-5,3.71e-6,26.8,0.338,0,0,0,0,0,0,0,0,0,0,0,0,0,0,0,0,0,0,0,0,0,0.07,0,0,0,0,0,0,0,0,0,0,0,0,0,0,0,0,0,0,0,0,0,0,0,0,0,0.461,0,0.066,0.094,0,0,0,0,0,0,0,0,0,0,0,0.846,2.6,0,0,0.154,0,0,0.111,0,0,0,0,0,0.072,0,0,0,0,0,0,0,0,0,0,0,0,0,0,0.47,0.343,0,0,0,0.068,0.11,0,0,0,0,1.79,0,0,0,0,1.21,0,0,0,0,0,6.38,0,0,0.402,0.107,0.124,0.083,0,0,0,0,0.187,0,1.38,0.132,0.211,0,0,0,0,0.141,0.207,0,0.742,2.2,0.57,0,0,0,0,0.076,0,0.258,1.17,0.329,0.877,0,0,1.51,0,0,0.152,0,0,0.634,0,0.212,0,0,0,0.266,0,4.7,16.2,0.338,0,5.92,10.8,0,0.846,4.04,4.18,0.621,0.07
148-1,0.215,8.59e-6,3.19e-6,23,0.514,0,0,0,0,0,0,0,0,0,0,0,0,0,0,0,0,0,0,0,0,0,0.055,0,0,0,0,0,0,0,0,0,0,0,0,0,0,0,0,0,0,0,0,0,0,0,0,0,0.114,0,0,0.085,0,0,0,0,0,0,0,0,0,0,0,0.294,0.935,0,0,0,0,0,0,0,0,0,0,0,0.046,0,0,0,0,0,0,0,0,0,0,0,0,0,0,0.221,0.279,0,0,0,0,0.046,0,0,0,0,1.87,0.05,0,0,0,0.461,0,0,0,0,0,4.12,0,0,0.216,0.073,0.112,0.066,0,0,0,0,0.143,0,1.18,0.14,0.122,0,0,0,0,0.073,0.089,0,3.31,1.72,0.689,0,0,0,0,0.083,0.055,0.198,1.04,0.307,1.56,0.06,0,1.29,0,0,0.089,0,0,1.1,0.138,0.35,0,0,0,0.209,0,2.21,31.1,0.514,0,7.5,7.36,0,1.59,4.35,1.45,0.199,0.055
150-1,0.0865,3.46e-6,1.28e-6,9.27,0.121,0,0,0,0,0,0,0,0,0,0,0,0,0,0,0,0,0,0,0,0,0,0.139,0,0,0,0,0,0,0,0,0,0,0,0,0,0,0,0,0,0,0,0,0,0,0,0,0,0.225,0,0,0.207,0,0,0,0,0,0,0,0,0,0,0,0.3,0.962,0,0,0,0,0,0,0,0,0,0,0,0,0,0,0,0,0,0,0,0.072,0,0,0,0,0,0,0.442,0.136,0,0,0,0,0,0,0,0,0,1.03,0.125,0,0,0,0.388,0,0,0,0,0,2.57,0,0,0.118,0,0,0,0,0,0,0,0.064,0,0.33,0,0,0,0,0,0,0.086,0.061,0,0.4,0.648,0.124,0,0,0,0,0.038,0,0.068,0.316,0.071,0.191,0,0,0.291,0,0,0,0,0,0.176,0,0,0,0,0,0.528,0,4.42,5.12,0.121,0,1.72,4.43,0,0.176,0.482,1.78,0.432,0.139
158-1,0.0301,1.21e-6,4.48e-7,3.23,0.111,0,0,0,0,0,0,0,0,0,0,0,0,0,0,0,0,0,0,0,0,0,0.063,0,0,0,0,0,0,0,0,0,0,0,0,0,0,0,0,0,0,0,0,0,0,0,0,0,0.034,0,0,0.042,0,0,0,0,0,0,0,0,0,0,0,0.063,0.227,0,0,0,0,0,0,0,0,0,0,0,0,0,0,0,0,0,0,0,0,0,0,0,0,0,0,0.088,0,0,0,0,0,0,0,0,0,0,0.356,0,0,0,0,0.111,0,0,0,0,0,0.776,0,0,0,0,0,0,0,0,0,0,0,0,0.149,0,0,0,0,0,0,0,0,0,0.387,0.206,0.067,0,0,0,0,0,0,0.039,0.147,0,0.272,0,0,0.23,0,0,0,0,0,0.198,0,0,0,0,0,0.239,0,0.88,3.62,0.111,0,0.809,1.13,0,0.198,0.502,0.378,0.034,0.063
177-1,0.153,6.12e-6,2.27e-6,16.4,0.266,0,0,0,0,0,0,0,0,0,0,0,0,0,0,0,0,0,0,0,0,0,0.148,0,0,0,0,0,0,0,0,0,0,0,0,0,0,0,0.046,0,0,0.065,0,0,0,0,0,0,0.181,0,0,0.117,0,0,0,0,0,0,0,0,0,0,0,0.497,1.43,0,0.051,0.065,0,0,0,0,0,0,0,0,0,0,0,0,0,0,0,0,0.13,0,0,0,0,0,0,0.334,0.212,0,0,0,0,0,0,0,0,0,1.23,0.169,0,0,0,0.581,0,0,0,0,0,3.36,0,0,0.28,0,0.13,0,0,0,0,0,0.098,0,0.931,0.078,0.116,0,0.047,0,0,0.09,0.047,0,0.629,1.13,0.299,0,0,0,0,0.059,0,0.16,1.54,0.307,0.552,0,0,1.06,0,0,0,0,0,0.707,0,0.132,0,0,0,0.562,0,3.34,11.2,0.266,0,3.59,6.06,0,0.839,2.6,2.46,0.409,0.148
184-1,0.342,1.37e-5,5.07e-6,36.6,0.596,0,0,0,0,0,0,0,0,0,0,0,0,0,0,0,0,0,0,0,0,0,0.223,0,0,0,0,0,0,0,0,0,0,0,0,0,0,0,0.084,0,0,0,0,0,0,0.068,0,0,0.219,0,0,0.265,0,0,0,0,0,0,0,0,0,0,0,0.647,1.87,0.07,0,0,0,0,0,0,0,0,0,0,0,0,0,0,0.094,0,0,0,0.135,0,0.063,0.074,0,0,0,0.513,0.411,0,0,0,0.076,0,0,0,0,0,3.13,0.366,0,0.058,0,0.703,0,0,0,0.077,0,6.45,0,0,0.441,0.126,0.194,0.097,0,0,0,0,0.259,0,1.89,0.176,0.154,0,0.092,0,0,0.196,0.141,0,4.66,2.5,0.752,0,0,0,0,0.107,0.062,0.322,1.73,0.475,2.18,0.042,0,2.09,0,0.052,0.181,0,0.092,1.31,0.125,0.323,0,0,0,0.847,0,5.13,43.8,0.596,0,11.1,12.3,0,1.76,6.84,3.17,0.636,0.223
184-2,0.285,1.14e-5,4.23e-6,30.5,0.705,0,0,0,0,0,0,0,0,0,0,0,0,0,0,0,0,0,0,0,0,0,0.245,0,0,0,0,0,0,0,0,0,0,0,0,0,0,0,0.091,0,0,0,0,0,0,0.079,0,0,0.302,0,0,0.292,0,0,0,0,0,0,0,0,0,0,0,0.699,1.76,0.073,0.055,0.122,0,0,0,0,0,0,0,0,0.073,0,0,0,0.112,0,0,0,0.175,0,0.076,0.094,0,0,0,0.667,0.373,0,0.066,0,0.067,0.073,0,0.037,0,0.054,3.07,0.355,0,0.056,0,0.755,0.042,0,0,0.131,0,4.51,0,0,0.283,0.09,0.243,0.114,0,0,0,0,0.164,0,1.2,0.127,0.175,0,0.084,0,0,0.258,0.199,0,1.83,3.06,0.446,0,0,0,0,0.069,0,0.31,1.34,0.371,1.33,0,0,1.94,0,0.056,0.228,0,0.072,1.29,0,0.336,0,0,0,0.931,0,6.67,20.9,0.705,0,7.76,10.4,0,1.63,5.27,3.76,0.764,0.245
190-1A,0.257,1.03e-5,3.81e-6,27.5,0.349,0,0,0,0,0,0,0.545,0,0,0,0,0,0,0,0,0,0,0,0,0,0,2.29,0,0,0,0,0,0.169,0,0,0,0,0,0.074,0,0,0,1.06,0,0,0.098,0,0,0,0.169,0,0,0.783,0,0.161,1.23,0,0,0,0.143,0.12,0,0,0,0,0,0,0.705,1.91,0.112,0,0.153,0,0,0,0,0,0,0,0,0.072,0,0,0,0.107,0,0,0,0.206,0,0.279,0,0,0,0,1.18,0.269,0,0,0,0.077,0.064,0,0.06,0,0,1.87,0.281,0,0,0,0.545,0.037,0,0,0.166,0,3.43,0,0,0.214,0.077,0.159,0,0,0,0,0,0.09,0,0.83,0.107,0.107,0,0.089,0,0,0.163,0.114,0.034,1.26,1.11,0.359,0,0,0,0,0.051,0,0.143,1.11,0.239,0.867,0,0,1.15,0,0,0.129,0,0,0.94,0,0.234,0,0,0,8.7,0,11.8,14.7,0.349,0.545,4.25,7.26,0,1.17,3.26,4.55,3.7,2.46
190-1B,0.207,8.29e-6,3.08e-6,22.2,0.463,0,0,0,0,0,0,0,0,0,0,0,0,0,0,0,0,0,0,0,0,0,0.119,0,0,0,0,0,0,0,0,0,0,0,0,0,0,0,0.034,0,0,0,0,0,0,0.044,0,0,0.219,0,0,0.221,0,0,0,0,0,0,0,0,0,0,0,0.584,1.56,0.056,0,0.053,0,0,0.042,0,0,0.034,0,0,0.039,0,0,0,0,0,0,0,0.035,0,0,0,0,0,0,0.634,0.356,0,0.031,0,0,0,0,0,0,0.047,2.39,0.076,0,0,0,0.606,0,0,0,0,0,4.28,0,0,0.232,0.071,0.152,0.05,0,0,0,0,0.139,0,0.854,0.097,0.121,0,0.028,0,0,0.116,0.092,0,2.33,1.14,0.448,0,0,0,0,0.054,0.03,0.174,0.748,0.168,1.07,0,0,1.12,0,0,0.123,0,0,0.815,0.116,0.336,0,0,0,0.452,0,6.34,21.8,0.463,0,5.43,8.43,0,1.27,3.06,2.94,0.518,0.119
197-1,0.0792,3.17e-6,1.18e-6,8.49,0.723,0,0,0,0,0,0,0,0,0,0,0,0,0,0,0,0,0,0,0,0,0,0,0,0,0,0,0,0,0,0,0,0,0,0,0,0,0,0.083,0,0,0,0,0,0,0,0,0,0.067,0,0,0.107,0,0,0,0,0,0,0,0,0,0,0,0.121,0.438,0,0,0,0,0,0,0,0,0,0,0,0,0,0,0,0,0,0,0,0.117,0,0,0.079,0,0,0,0.407,0.108,0,0,0,0,0,0,0,0,0,0.786,0.166,0,0,0,0.24,0,0,0,0,0,1.28,0,0,0.053,0,0.055,0,0,0,0,0,0.042,0,0.192,0.049,0,0,0,0,0,0.085,0.055,0,0.528,0.415,0.164,0,0,0,0,0,0,0.046,0.167,0,0.481,0,0,0.447,0,0.067,0.126,0,0,0.651,0.139,0.287,0,0,0,0,0,4.07,5.3,0.723,0,1.53,2.73,0,1.08,1.12,1.05,0.257,0
205-1,0.166,6.65e-6,2.47e-6,17.8,0.503,0,0,0,0,0,0,0,0,0,0,0.25600000000000006,0,0,0,0,0,0,0,0,0,0,0.174,0,0,0,0,0,0,0,0,0,0,0,0,0,0,0,0,0,0,0,0,0,0,0,0,0,0.21,0,0,0.219,0,0,0,0,0.113,0,0,0,0,0,0,0.822,1.52,0.124,0,0,0,0,0,0,0,0,0,0,0,0,0,0,0,0,0,0,0,0,0,0,0,0,0,0.56,0.481,0,0.073,0,0,0,0,0,0,0.046,2.44,0.146,0,0,0,0.449,0,0,0,0,0,1.98,0,0,0.3,0.09,0.207,0.073,0,0,0,0,0.092,0,1.04,0.101,0.104,0,0.051,0,0,0.219,0.135,0,0.544,1.64,0.225,0,0,0,0,0,0,0.191,0.502,0.399,0.443,0,0,0.829,0,0.041,0.116,0,0.045,0.625,0,0.199,0,0,0,0.661,0,5.6,10.9,0.503,0,4.2,6.3,0,0.824,2.33,3.03,0.429,0.174
206-1,0.00446,1.78e-7,6.63e-8,0.478,0,0,0,0,0,0,0,0,0,0,0,0,0,0,0,0,0,0,0,0,0,0,0,0,0,0,0,0,0,0,0,0,0,0,0,0,0,0,0,0,0,0,0,0,0,0,0,0,0,0,0,0,0,0,0,0,0,0,0,0,0,0,0,0.043,0.091,0,0,0,0,0,0,0,0,0,0,0,0,0,0,0,0,0,0,0,0,0,0,0,0,0,0,0,0,0,0,0,0,0,0,0,0,0,0.074,0,0,0,0,0,0,0,0,0,0,0.183,0,0,0,0,0,0,0,0,0,0,0,0,0,0,0,0,0,0,0,0,0,0,0.087,0,0,0,0,0,0,0,0,0,0,0,0,0,0,0,0,0,0,0,0,0,0,0,0,0,0,0,0,0,0.522,0,0,0.087,0.257,0,0,0,0.134,0,0
209-1,0.0522,2.09e-6,7.75e-7,5.59,0,0,0,0,0,0,0,0,0,0,0,0,0,0,0,0,0,0,0,0,0,0,0.099,0,0,0,0,0,0,0,0,0,0,0,0,0,0,0,0.1,0,0,0,0,0,0,0,0,0,0.043,0,0,0.063,0,0,0,0,0,0,0,0,0,0,0,0.11,0.218,0,0.059,0,0,0,0,0.036,0,0,0,0,0,0,0,0,0,0,0,0,0.09,0,0.041,0.084,0,0,0,0.116,0.055,0,0,0,0,0,0,0,0,0,0.507,0.209,0,0,0,0.159,0,0,0,0,0,0.717,0,0,0.048,0,0.047,0,0,0,0,0,0,0,0.346,0.033,0.057,0,0.034,0,0,0.06,0.031,0,0.355,0.345,0.079,0,0,0,0,0,0,0.064,0.986,0.287,0.386,0,0,0.452,0,0,0,0,0,0,0,0,0,0,0,0,0,0,4.68,0,0,1.35,1.74,0,0,2.11,0.179,0.206,0
209-2,0.0494,1.98e-6,7.33e-7,5.29,0.242,0,0,0,0,0,0,0,0,0,0,0.203,0,0,0,0,0,0,0,0,0,0,0,0,0,0,0,0,0,0,0,0,0,0,0,0,0,0,0.037,0,0,0.039,0,0,0,0,0,0,0.059,0,0,0.068,0,0,0,0,0,0,0,0,0,0,0,0.128,0.278,0,0,0,0,0,0,0,0,0,0,0,0,0,0,0,0,0,0,0,0.073,0,0,0,0,0,0,0.13,0.069,0,0,0,0,0,0,0,0,0,0.343,0.047,0,0,0,0.092,0,0,0,0,0,0.734,0,0,0.045,0,0.027,0,0,0,0,0,0.032,0,0.275,0,0,0,0,0,0,0,0,0,0.667,0.302,0.136,0,0,0,0,0,0,0,0.377,0.088,0.456,0,0,0.231,0,0,0,0,0,0.383,0,0.055,0,0,0,0,0,1.3,6.47,0.242,0,1.38,1.39,0,0.438,1.06,0.609,0.166,0
210-1,0.0025,1e-7,3.71e-8,0.268,0.091,0,0,0,0,0,0,0,0,0,0,0,0,0,0,0,0,0,0,0,0.038,0,0,0,0,0,0,0,0,0,0,0,0,0,0,0,0,0,0,0.049,0,0,0,0,0,0,0,0,0,0,0,0,0,0,0,0,0,0,0,0,0,0,0,0,0.044,0,0,0,0,0,0,0,0,0,0,0,0,0,0,0,0,0,0,0,0,0,0,0,0,0,0,0,0,0,0,0,0,0,0,0,0,0,0.097,0,0,0,0,0,0,0,0,0,0,0.133,0,0,0,0,0,0,0,0,0,0,0,0,0,0,0,0,0,0,0,0,0,0,0,0,0,0,0,0,0,0,0,0,0,0,0,0,0,0,0,0,0,0,0,0,0,0,0,0,0,0,0,0,0,0.091,0,0,0.133,0,0,0,0.044,0,0
213-2,0.401,1.61e-5,5.96e-6,43,0.253,0,0,0,0,0,0,0,0,0,0,0.085,0,0,0,0,0,0,0,0,0,0,0.061,0,0,0,0,0.152,0,0,0,0,0,0,0,0,0,0,0,0,0,0.087,0,0,0,0,0,0,0.272,0,0,0.069,0,0,0,0,0.042,0,0,0,0,0,0,0.524,1.53,0,0,0,0,0,0,0,0,0,0,0,0.067,0,0,0,0,0,0,0,0.105,0,0,0,0,0,0,0.28,0.485,0,0,0,0,0,0,0,0,0,3.28,0.182,0,0,0,1.1,0,0,0,0,0,8.83,0,0.073,0.33,0.113,0.149,0.123,0,0.075,0,0,0.24,0,3.1,0.491,0.206,0,0,0.096,0,0.259,0.159,0,7.9,3.6,1.85,0,0,0,0,0.112,0.12,0.541,1.88,0.604,2.02,0,0,1.35,0,0.125,0.121,0,0,0.413,0.077,0.087,0,0,0,0.232,0,2.8,77.1,0.253,0,18.3,14.9,0,0.5,6.1,2.44,0.428,0.061
216-1,0.00369,1.47e-7,5.47e-8,0.395,0,0,0,0,0,0,0,0,0,0,0,0.094,0,0,0,0,0,0,0,0,0,0,0,0,0,0,0,0,0,0,0,0,0,0,0,0,0,0,0,0,0,0,0,0,0,0,0,0,0,0,0,0,0,0,0,0,0,0,0,0,0,0,0,0,0,0,0,0,0,0,0,0,0,0,0,0,0,0,0,0,0,0,0,0,0,0,0,0,0,0,0,0,0,0,0,0,0,0,0,0,0,0,0.094,0,0,0,0,0,0,0,0,0,0,0.15,0,0,0,0,0,0,0,0,0,0,0,0,0,0,0,0,0,0,0,0,0,0,0.086,0.065,0,0,0,0,0,0,0,0,0,0,0,0,0,0,0,0,0,0,0,0,0,0,0,0,0,0,0,0,0.516,0,0,0.151,0.244,0,0,0,0,0,0
219-01,1.03,4.11e-5,1.52e-5,110,0.568,0,0,0,0,0,0,0,0,0,0,0.09,0,0,0,0,0,0,0,0,0,0,1.16,0,0,0.092,0,0,0,0,0,0,0,0,0.104,0,0,0,0.3,0,0,0.16,0,0,0,0.244,0,0,0.696,0,0.073,0.908,0,0,0.147,0,0.067,0,0,0,0,0,0,1.05,3.48,0.173,0.282,0.257,0,0,0,0,0,0,0,0,0,0,0,0,0,0,0,0,0.598,0,0.266,0.357,0,0,0,1.37,0.724,0,0.142,0,0,0,0,0.248,0.053,0.134,7.77,2.38,0,0.283,0,2.48,0,0,0,0.564,0,18.2,0,0,0.862,0.198,0.64,0.32,0,0.149,0,0,0.488,0,6.82,0.701,0.581,0,0.579,0.075,0.05,0.795,0.412,0.11,18.3,8.11,4.05,0,0.073,0,0,0.248,0.182,0.811,5.14,1.78,6.74,0.193,0.082,4.22,0,0.148,0.27,0,0.225,1.5,0.287,0.389,0,0,0,4.76,0,13.7,175,0.568,0,41.7,35.6,0,2.18,18.2,7.83,2.7,1.25
998-1,0.082,3.28e-6,1.22e-6,8.78,1.13,0,0,0,0,0,0,0,0,0,0,0.136,0,0,0,0,0,0,0,0,0,0,0,0,0,0,0,0,0,0,0,0,0,0,0,0,0,0,0,0,0,0,0,0,0,0,0,0,0,0,0,0,0,0,0,0,0,0,0,0,0,0,0,0,0.267,0,0,0,0,0,0,0,0,0,0,0,0,0,0,0,0,0,0,0,0,0,0,0,0,0,0,0.054,0,0,0,0,0,0,0,0,0,0,0.343,0,0,0,0,0.105,0,0,0,0,0,1.18,0,0,0,0,0,0,0,0,0,0,0,0.111,0.324,0,0,0,0,0,0,0,0,0,1.05,0.301,0.142,0,0,0,0,0,0,0,0.6,0.101,0.805,0,0,0.528,0,0,0,0,0,1.49,0.147,0.37,0,0,0,0,0,0,9.1,1.13,0,1.82,1.63,0,2.01,1.93,0.267,0,0
999-1,0.24,9.6e-6,3.56e-6,25.7,0.545,0,0,0,0,0,0,0,0,0,0,0.147,0,0,0,0,0,0,0,0,0,0,0.107,0,0,0,0,0,0,0,0,0,0,0,0,0,0,0,0,0,0,0,0,0,0,0,0,0,0.263,0,0,0.164,0,0,0,0,0.16,0,0,0,0,0,0,0.73,1.62,0,0,0.09,0,0,0,0,0,0,0,0,0,0,0,0,0,0,0,0,0.074,0,0,0,0,0,0,0.458,0.593,0,0,0,0,0,0,0,0,0,3.1,0.177,0,0,0,0.481,0,0,0,0,0,2.91,0,0,0.345,0.125,0.197,0.112,0,0,0,0,0.168,0,1.68,0.191,0.091,0,0,0,0,0.155,0.088,0,2.02,2.56,0.401,0,0,0,0,0.059,0.05,0.311,1.06,0.67,1.21,0,0,1.51,0,0,0.081,0,0.077,0.88,0,0.221,0,0,0,0.407,0,4.58,24.6,0.545,0,7.61,8.21,0,1.1,4.61,2.9,0.587,0.107
MC-2,0.393,1.57e-5,5.84e-6,42.1,0.376,0,0,0,0,0,0,0,0,0,0,0.136,0,0,0,0,0,0,0,0,0,0,0.797,0,0,0,0,0,0.139,0,0,0,0,0,0,0,0,0,0,0,0,0,0,0,0,0.321,0,0,1.09,0,0.075,0.728,0,0,0,0,0,0,0,0,0,0,0,1.02,3.73,0,0,0,0,0,0,0,0,0,0,0,0.057,0,0,0,0,0,0,0,0,0,0,0,0,0,0,0.824,0.819,0,0,0,0,0,0,0,0,0,5.21,0,0,0,0,1.11,0,0,0,0,0,9.27,0,0,0.624,0.151,0.286,0.141,0,0,0,0,0.397,0,1.67,0.198,0.194,0,0,0,0,0.166,0.118,0,3.06,3.55,0.576,0,0,0,0,0.086,0,0.395,0.97,0.427,1.3,0,0,1.24,0,0,0.103,0,0,0.715,0,0.234,0,0,0,3.03,0,8.24,31.8,0.376,0,10,18,0,0.949,4.04,5.57,2.21,0.936
CTABD01,0.161,6.46e-6,2.4e-6,17.3,0.292,0,0,0,0,0,0,0,0,0,0,0.134,0,0,0,0,0,0,0,0,0,0,0.098,0,0,0,0,0,0,0,0,0,0,0,0,0,0,0,0,0,0,0,0,0,0,0,0,0,0.184,0,0,0.164,0,0,0,0,0,0,0,0,0,0,0,0.359,1.15,0,0,0,0,0,0,0,0,0,0,0,0,0,0,0,0,0,0,0,0,0,0,0,0,0,0,0.354,0.218,0,0,0,0,0,0,0,0,0,1.58,0,0,0,0,0.424,0,0,0,0,0,4.05,0,0,0.19,0,0,0,0,0,0,0,0.136,0,0.955,0.093,0.079,0,0,0,0,0.071,0.082,0,2.37,0.832,0.429,0,0,0,0,0.055,0,0.093,0.816,0.242,0.946,0,0,0.677,0,0,0,0,0,0.532,0,0,0,0,0,0.372,0,3.54,22.5,0.292,0,4.91,6.6,0,0.532,2.68,1.86,0.348,0.098
CTABD02,0.414,1.66e-5,6.15e-6,44.4,0.268,0,0,0,0,0,0,0,0,0,0,0.116,0,0,0,0,0,0,0,0,0,0,1.02,0,0,0.084,0,0,0,0,0,0,0,0,0.3,0,0,0,0.872,0,0,0.443,0,0,0,0.233,0,0,0.922,0,0,1.2,0,0,0.231,0,0,0,0,0,0,0,0,1,2.83,0.264,0.512,0,0,0,0,0.125,0,0,0,0,0.111,0,0,0,0.468,0,0.481,0,1.13,0.064,0.304,0.407,0,0,0,2.16,0.467,0,0.156,0,0.14,0.133,0,0.143,0,0.142,4.59,1.3,0,0.242,0,1.18,0.113,0,0,0.288,0,6.42,0.128,0,0.252,0.105,0.361,0.091,0,0,0,0,0.186,0,0.947,0.206,0.195,0,0.361,0,0,0.483,0.282,0,2.91,2.23,0.695,0,0,0,0,0.052,0,0.203,0.798,0.258,1.29,0,0,1.15,0,0.126,0.344,0,0,0.465,0,0.205,0,0,0,4.2,0,26.4,27.3,0.268,0,8.31,16.2,0,0.67,3.97,9.68,4.2,1.1
CTABD03,0.0138,5.53e-7,2.05e-7,1.48,0.182,0,0,0,0,0,0,0,0,0,0,0.103,0,0,0,0,0,0,0,0,0,0,0,0,0,0,0,0,0,0,0,0,0,0,0,0,0,0,0,0,0,0,0,0,0,0,0,0,0,0,0,0,0,0,0,0,0,0,0,0,0,0,0,0.059,0.137,0,0,0,0,0,0,0,0,0,0,0,0,0,0,0,0,0,0,0,0,0,0,0,0,0,0,0.05,0,0,0,0,0,0,0,0,0,0,0.169,0,0,0,0,0.049,0,0,0,0,0,0.359,0,0,0,0,0,0,0,0,0,0,0,0,0.073,0,0,0,0,0,0,0,0,0,0.241,0.102,0.052,0,0,0,0,0,0,0,0.099,0,0.139,0,0,0.119,0,0,0,0,0,0.19,0,0.068,0,0,0,0,0,0,2.2,0,0,0.468,0.577,0,0.19,0,0.246,0,0
CTAGWT1,0.0545,2.18e-6,8.09e-7,5.84,0.119,0,0,0,0,0,0,0,0,0,0,0.147,0,0,0,0,0,0,0,0,0,0,0,0,0,0,0,0,0,0,0,0,0,0,0,0,0,0,0,0,0,0,0,0,0,0,0,0,0.065,0,0,0.049,0,0,0,0,0,0,0,0,0,0,0,0.205,0.622,0,0,0,0,0,0,0,0,0,0,0,0,0,0,0,0,0,0,0,0,0,0,0,0,0,0,0.243,0.134,0,0,0,0,0,0,0,0,0,0.878,0.109,0,0,0,0.212,0,0,0,0,0,1.28,0,0,0.077,0,0.059,0,0,0,0,0,0.046,0,0.205,0.042,0,0,0.04,0,0,0.064,0.058,0,0.502,0.503,0.144,0,0,0,0,0,0,0.044,0.185,0,0.245,0,0,0.256,0,0,0,0,0,0,0,0,0,0,0,0,0,2.43,5.11,0.119,0,1.6,2.69,0,0,0.245,1.07,0.114,0
CTCAG01,0.0265,1.06e-6,3.94e-7,2.84,0.293,0,0,0,0,0,0,0,0,0,0,0.103,0,0,0,0,0,0,0,0,0,0,0,0,0,0,0,0,0,0,0,0,0,0,0,0,0,0,0,0,0,0,0,0,0,0,0,0,0,0,0,0,0,0,0,0,0,0,0,0,0,0,0,0.069,0.237,0,0,0,0,0,0,0,0,0,0,0,0,0,0,0,0,0,0,0,0,0,0,0,0,0,0,0,0,0,0,0,0,0,0,0,0,0,0.136,0,0,0,0,0.087,0,0,0,0,0,0.802,0,0,0.08,0,0,0,0,0,0,0,0,0,0.243,0,0,0,0,0,0,0,0,0,0.461,0.196,0.101,0,0,0,0,0,0,0,0.189,0,0.2,0,0,0.15,0,0,0,0,0,0.141,0,0,0,0,0,0,0,0,4.83,0.293,0,1,1.11,0,0,0.2,0.237,0,0
CTCAG02,0.0122,4.89e-7,1.82e-7,1.31,0.257,0,0,0,0,0,0,0,0,0,0,0.532,0,0,0,0,0,0,0,0,0,0,0,0,0,0,0,0,0,0,0,0,0,0,0,0,0,0,0,0,0,0,0,0,0,0,0,0,0,0,0,0,0,0,0,0,0,0,0,0,0,0,0,0,0.096,0,0,0,0,0,0,0,0,0,0,0,0,0,0,0,0,0,0,0,0,0,0,0,0,0,0,0,0,0,0,0,0,0,0,0,0,0,0.087,0,0,0,0,0,0,0,0,0,0,0.312,0,0,0,0,0,0,0,0,0,0,0,0,0.091,0,0,0,0,0,0,0,0,0,0.207,0.092,0,0,0,0,0,0,0,0,0,0,0,0,0,0,0,0,0,0,0,0.165,0,0,0,0,0,0,0,0,1.79,0.257,0,0.39,0.399,0,0.165,0,0.096,0,0
CTCAG03,0.0313,1.25e-6,4.64e-7,3.35,0.457,0,0,0,0,0,0,0,0,0,0,0.638,0,0,0,0,0,0,0,0,0,0,0,0,0,0,0,0,0,0,0,0,0,0,0,0,0,0,0.052,0,0,0.075,0,0,0,0,0,0,0.098,0,0,0.108,0,0,0,0,0,0,0,0,0,0,0,0.123,0.369,0,0,0,0,0,0,0,0,0,0,0,0,0,0,0,0,0,0,0,0.11,0,0,0,0,0,0,0.199,0,0,0,0,0,0,0,0,0,0,0.431,0.095,0,0,0,0.103,0,0,0,0,0,0.475,0,0,0,0,0,0,0,0,0,0,0,0,0.14,0,0,0,0,0,0,0,0,0,0.287,0.172,0,0,0,0,0,0,0,0,0.093,0,0.159,0,0,0.135,0,0,0,0,0,0.282,0,0.139,0,0,0,0,0,1.99,2.56,0.457,0,0.599,1.1,0,0.421,0,0.432,0.333,0
CTMALL1,0.0397,1.59e-6,5.89e-7,4.25,0.321,0,0,0,0,0,0,0,0,0,0,0,0,0,0,0,0,0,0,0,0,0,0,0,0,0,0,0,0,0,0,0,0,0,0,0,0,0,0,0,0,0,0,0,0,0,0,0,0,0,0,0,0,0,0,0,0,0,0,0,0,0,0,0,0.297,0,0,0,0,0,0,0,0,0,0,0,0,0,0,0,0,0,0,0,0,0,0,0,0,0,0,0.077,0,0,0,0,0,0,0,0,0,0,0.406,0,0,0,0,0.139,0,0,0,0,0,0.893,0,0,0,0,0,0,0,0,0,0,0,0,0.248,0,0,0,0,0,0,0,0,0,0.201,0.324,0,0,0,0,0,0,0,0,0.286,0.141,0.243,0,0,0.406,0,0,0,0,0,0.342,0,0,0,0,0,0,0,0,2.69,0.321,0,0.773,1.44,0,0.342,1.08,0.297,0,0
CTMALL2,0.0662,2.65e-6,9.83e-7,7.09,0.455,0,0,0,0,0,0,0,0,0,0,0.17,0,0,0,0,0,0,0,0,0,0,0,0,0,0,0,0,0,0,0,0,0,0,0,0,0,0,0,0,0,0,0,0,0,0,0,0,0,0,0,0,0,0,0,0,0,0,0,0,0,0,0,0.147,0.43,0,0,0,0,0,0,0,0,0,0,0,0,0,0,0,0,0,0,0,0,0,0,0,0,0,0,0.123,0.104,0,0,0,0,0,0,0,0,0,0.618,0,0,0,0,0.2,0,0,0,0,0,1.49,0,0,0.084,0,0.062,0,0,0,0,0,0.054,0,0.323,0,0.06,0,0,0,0,0.043,0.044,0,0.294,0.506,0.11,0,0,0,0,0.034,0,0.069,0.347,0.122,0.309,0,0,0.491,0,0,0.059,0,0,0.557,0,0.219,0,0,0,0,0,0,4.36,0.455,0,1.48,2.61,0,0.776,1.21,0.553,0,0
CTMALL3,0.00224,8.96e-8,3.33e-8,0.24,0.053,0,0,0,0,0,0,0,0,0,0,0.087,0,0,0,0,0,0,0,0,0,0,0,0,0,0,0,0,0,0,0,0,0,0,0,0,0,0,0,0,0,0,0,0,0,0,0,0,0,0,0,0,0,0,0,0,0,0,0,0,0,0,0,0,0,0,0,0,0,0,0,0,0,0,0,0,0,0,0,0,0,0,0,0,0,0,0,0,0,0,0,0,0,0,0,0,0,0,0,0,0,0,0.057,0,0,0,0,0,0,0,0,0,0,0.129,0,0,0,0,0,0,0,0,0,0,0,0,0,0,0,0,0,0,0,0,0,0,0,0.054,0,0,0,0,0,0,0,0,0,0,0,0,0,0,0,0,0,0,0,0,0,0,0,0,0,0,0,0,0,0,0,0.054,0.186,0,0,0,0,0,0
CTWOD01,0.00653,2.61e-7,9.7e-8,0.7,0.17,0,0,0,0,0,0,0,0,0,0,0.242,0,0,0,0,0,0,0,0,0,0,0,0,0,0,0,0,0,0,0,0,0,0,0,0,0,0,0,0,0,0,0,0,0,0,0,0,0,0,0,0,0,0,0,0,0,0,0,0,0,0,0,0,0.095,0,0,0,0,0,0,0,0,0,0,0,0,0,0,0,0,0,0,0,0,0,0,0,0,0,0,0,0,0,0,0,0,0,0,0,0,0,0.138,0,0,0,0,0,0,0,0,0,0,0.259,0,0,0,0,0,0,0,0,0,0,0,0,0.044,0,0,0,0,0,0,0,0,0,0.164,0.097,0.047,0,0,0,0,0,0,0,0,0,0,0,0,0,0,0,0,0,0,0,0,0,0,0,0,0,0,0,1.25,0,0,0.208,0.397,0,0,0,0.095,0,0
CTWOD02,0.0442,1.77e-6,6.57e-7,4.74,0.194,0,0,0,0,0,0,0,0,0,0,0,0,0,0,0,0,0,0,0,0,0,0,0,0,0,0,0,0,0,0,0,0,0,0,0,0,0,0,0,0,0,0,0,0,0,0,0,0.049,0,0,0,0,0,0,0,0,0,0,0,0,0,0,0.104,0.318,0,0,0,0,0,0,0,0,0,0,0,0,0,0,0,0,0,0,0,0,0,0,0,0,0,0,0.095,0.071,0,0,0,0,0,0,0,0,0,0.545,0,0,0,0,0.171,0,0,0,0,0,1.09,0.095,0.1,0.042,0,0,0,0,0,0,0,0.033,0,0.206,0,0.043,0,0,0,0,0,0.053,0,0.642,0.528,0.093,0,0,0,0,0,0,0.074,0.219,0.119,0.231,0,0,0.292,0,0,0,0,0,0.231,0,0,0,0,0,0,0,0,5.65,0.194,0,1.54,1.95,0,0.231,0.45,0.318,0.049,0
NJ_ABDU_01_AD,0.259,1.03e-5,3.84e-6,27.7,2.01,0,0,0,0,0,0,0,0,0,0,0.208,0,0,0,0,0,0,0,0,0,0,0.144,0,0,0,0,0,0,0,0,0,0,0,0,0,0,0,0.088,0,0,0,0,0,0,0,0,0,0.236,0,0,0.188,0,0,0,0,0,0,0,0,0,0,0,0.34,1.36,0.058,0,0,0,0,0,0,0,0,0,0,0.057,0,0,0,0,0,0,0,0.097,0,0,0,0,0,0,0.743,0.274,0,0,0,0,0,0,0,0,0,2.31,0.16,0,0,0,0.774,0,0,0,0,0,5.44,0,0,0.183,0.099,0.114,0.059,0,0,0,0,0.145,0,0.709,0.115,0.102,0,0,0,0,0.108,0.109,0,2.01,1.51,0.562,0,0,0,0,0,0,0.157,0.613,0.191,1.23,0.113,0,1.49,0,0.119,0.303,0,0.047,2.09,0.392,1.3,0,0,0,0.547,0,7.43,19.7,2.01,0,5.27,9.56,0,3.78,3.95,2.56,0.424,0.144
NJ_ABDU_02_LC,0.0295,1.18e-6,4.38e-7,3.16,0.267,0,0,0,0,0,0,0,0,0,0,0.167,0,0,0,0,0,0,0,0,0,0,0,0,0,0,0,0,0,0,0,0,0,0,0,0,0,0,0,0,0,0,0,0,0,0,0,0,0,0,0,0,0,0,0,0,0,0,0,0,0,0,0,0.082,0.308,0,0,0,0,0,0,0,0,0,0,0,0,0,0,0,0,0,0,0,0,0,0,0,0,0,0,0,0,0,0,0,0,0,0,0,0,0,0.12,0,0,0,0,0.191,0,0,0,0,0,0.743,0.051,0,0.06,0,0,0,0,0,0,0,0,0,0.14,0,0,0,0,0,0,0,0,0,0,0.311,0,0,0,0,0,0,0,0,0.387,0.112,0,0,0,0.36,0,0,0,0,0,0.325,0,0.191,0,0,0,0,0,0,0.84,0.267,0,0.451,1.11,0,0.516,0.499,0.308,0,0
NJ_MALL_40_AD,21.1,8.44e-4,3.13e-4,2260,15.979,0,0,0,0,0,0,0.134,0,0,0,0,0,0,0,0,0,0,0,0,0.04,0.096,39.8,0,0,1.72,0,0,0.828,0.845,0.14,0,3.82,0.101,4.08,0.281,0,0,24.4,0,0,3.55,0,0,0,8.25,0,0,53,0,4.89,62.3,0,0,3.45,1.74,3.88,0,0,0.272,0.64,0.088,0,54.8,175,9.89,2.91,9.87,0,0.09,3.7,2.18,0,2.98,0.257,0,4.11,0,0.065,0.07,10.9,0.349,4.25,0.139,11.9,0.568,5.88,4.09,0.153,0,0.045,96.3,28.4,0.753,3.55,0,1.06,4.47,0,1.23,0.127,3.9,203,11,0,1.86,0,57.7,3.57,0.163,0,3.62,0,380,2.32,0.63,19.7,5.63,17.9,4.13,0,2.72,0.253,1.05,12.8,0,90.8,12.9,9.69,0.044,2.31,1.74,0.133,13.1,9.17,0.219,259,109,51.9,0.143,0.306,0,0.125,3.28,3.59,11.1,64.2,18.2,75.6,2.82,1.38,61.1,0.171,3.22,8.43,0,2.33,29.5,4.27,11.4,0,0,0,158,0,1010,2410,16,0.134,579,772,0,45.2,237,397,174,42.6
NJ_MALL_60_AD,0.24,9.6e-6,3.56e-6,25.7,0.373,0,0,0,0,0,0,0,0,0,0,0,0,0,0,0,0,0,0,0,0,0,0.305,0,0,0,0,0,0.089,0,0.121,0,0.039,0,0,0,0,0,0.11,0,0,0,0,0,0,0.1,0,0,0.414,0.032,0,0.524,0,0,0,0,0.093,0,0,0,0,0,0,1.04,2.57,0.147,0,0.097,0,0,0,0,0,0,0,0,0.095,0,0,0,0.137,0,0,0,0.112,0,0.124,0.036,0,0,0,1.09,0.463,0,0.083,0,0.039,0.073,0,0.048,0,0.055,3.23,0.372,0,0,0,0.687,0.049,0,0,0.18,0,3.66,0,0.053,0.234,0.088,0.232,0.081,0,0.041,0,0,0.123,0,0.829,0.104,0.116,0,0.081,0,0,0.244,0.183,0.031,1.07,2.06,0.337,0.045,0,0,0,0.038,0,0.151,0.642,0.217,0.636,0.03,0,0.892,0,0.039,0.132,0,0.034,0.506,0.054,0.181,0,0,0,1.16,0,10.9,13.4,0.394,0,5.29,9.79,0,0.687,2.59,5.32,1.28,0.305
NJ_WODU_01_AD,0.0136,5.45e-7,2.02e-7,1.46,0.05099999999999999,0,0,0,0,0,0,0,0,0,0,0,0,0,0,0,0,0,0,0,0,0,0,0,0,0,0,0,0,0,0,0,0,0,0,0,0,0,0,0,0,0,0,0,0,0,0,0,0,0,0,0,0,0,0,0,0,0,0,0,0,0,0,0.042,0.131,0,0,0,0,0,0,0,0,0,0,0,0,0,0,0,0,0,0,0,0,0,0,0,0,0,0,0,0,0,0,0,0,0,0,0,0,0,0.284,0,0,0,0,0.071,0,0,0,0,0,0.375,0,0,0,0,0,0,0,0,0,0,0,0,0.096,0,0,0,0,0,0,0,0,0,0.196,0.193,0,0,0,0,0,0,0,0,0,0,0,0,0,0,0,0,0,0,0,0,0,0,0,0,0,0,0,0,1.75,0.072,0,0.485,0.73,0,0,0,0.173,0,0
NJ_WODU_01_JK,0.231,9.26e-6,3.44e-6,24.8,1.119,0,0,0,0,0,0,0,0,0,0,0,0,0,0,0,0,0,0,0,0,0,0,0,0,0,0,0,0,0,0,0,0,0,0,0,0,0,0,0,0,0,0,0,0,0,0,0,0.073,0,0,0,0,0,0,0,0,0,0,0,0,0,0,0.246,1.26,0,0,0,0,0,0,0,0,0,0,0,0,0,0,0,0,0,0,0,0,0,0,0,0,0,0,0.14,0.205,0,0,0,0,0.058,0,0,0,0,1.18,0,0,0,0,0.447,0,0,0,0,0,4.44,0,0,0.32,0.059,0,0.043,0,0,0,0,0.232,0,1.04,0.087,0.098,0,0,0,0,0,0.052,0,3.73,0.925,0.42,0,0,0,0,0.073,0.041,0.172,1.54,0.335,2.06,0,0,1.88,0,0,0.156,0,0,1.58,0.153,0.61,0,0,0,0,0,1.4,31.1,1.14,0,6.64,6.98,0,2.34,5.97,1.65,0.073,0
NJ_WODU_01_TN,0.0243,9.71e-7,3.6e-7,2.6,0,0,0,0,0,0,0,0,0,0,0,0,0,0,0,0,0,0,0,0,0,0,0,0,0,0,0,0,0,0,0,0,0,0,0,0,0,0,0,0,0,0,0,0,0,0,0,0,0,0,0,0,0,0,0,0,0,0,0,0,0,0,0,0,0.213,0,0,0,0,0,0,0,0,0,0,0,0,0,0,0,0,0,0,0,0,0,0,0,0,0,0,0.071,0,0,0,0,0,0,0,0,0,0,0.365,0,0,0,0,0.098,0,0,0,0,0,0.599,0,0,0,0,0,0,0,0,0,0,0,0,0.165,0,0,0,0,0,0,0,0,0,0.377,0.196,0.066,0,0,0,0,0,0,0,0.178,0,0.173,0,0,0.17,0,0,0,0,0,0,0,0,0,0,0,0,0,0,3.65,0,0,0.804,1.06,0,0,0.521,0.213,0,0
NJ_WODU_02_AD,0.0119,4.78e-7,1.77e-7,1.28,0,0,0,0,0,0,0,0,0,0,0,0,0,0,0,0,0,0,0,0,0,0,0,0,0,0,0,0,0,0,0,0,0,0,0,0,0,0,0,0,0,0,0,0,0,0,0,0,0,0,0,0,0,0,0,0,0,0,0,0,0,0,0,0,0.117,0,0,0,0,0,0,0,0,0,0,0,0,0,0,0,0,0,0,0,0,0,0,0,0,0,0,0.035,0,0,0,0,0,0,0,0,0,0,0.199,0,0,0,0,0.072,0,0,0,0,0,0.363,0,0,0,0,0,0,0,0,0,0,0,0,0.091,0,0,0,0,0,0,0,0,0,0.224,0.18,0,0,0,0,0,0,0,0,0.069,0,0.098,0,0,0.104,0,0,0,0,0,0,0,0,0,0,0,0,0,0,1.89,0,0,0.495,0.562,0,0,0.104,0.117,0,0
NJ_WODU_03_AD,0.0873,3.49e-6,1.3e-6,9.35,0.11800000000000001,0,0,0,0,0,0,0,0,0,0,0,0,0,0,0,0,0,0,0,0,0,0.095,0,0,0,0,0,0,0,0,0,0,0,0,0,0,0,0,0,0,0,0,0,0,0,0,0,0.084,0,0,0,0,0,0,0,0,0,0,0,0,0,0,0.199,0.595,0.042,0,0,0,0,0,0,0,0,0,0,0,0,0,0,0,0,0,0,0,0,0,0,0,0,0,0.2,0.134,0,0,0,0,0,0,0,0,0,1.02,0,0,0,0,0.278,0,0,0,0,0,1.71,0,0,0.115,0,0,0,0,0,0,0,0.093,0,0.422,0.044,0.073,0,0,0,0,0.045,0.065,0,1.19,0.55,0.18,0,0,0,0,0,0,0.09,0.488,0.138,0.582,0,0,0.57,0,0,0,0,0,0.302,0,0.106,0,0,0,0,0,2,10.8,0.139,0,2.59,3.35,0,0.408,1.64,1.04,0.084,0.095
NJ_WODU_03_LC,0.0193,7.7300000000000005e-07,2.87e-7,2.07,0.036000000000000004,0,0,0,0,0,0,0,0,0,0,0,0,0,0,0,0,0,0,0,0,0,0,0,0,0,0,0,0,0,0,0,0,0,0,0,0,0,0,0,0,0,0,0,0,0,0,0,0,0,0,0,0,0,0,0,0,0,0,0,0,0,0,0.074,0.248,0,0,0,0,0,0,0,0,0,0,0,0,0,0,0,0,0,0,0,0,0,0,0,0,0,0,0.103,0.039,0,0,0,0,0,0,0,0,0,0.37,0,0,0,0,0.079,0,0,0,0,0,0.545,0,0,0.034,0,0,0,0,0,0,0,0,0,0.121,0,0,0,0,0,0,0,0,0,0.257,0.205,0.048,0,0,0,0,0,0,0,0,0,0.08,0,0,0.095,0,0,0,0,0,0,0,0,0,0,0,0,0,1.03,2.56,0.057,0,0.631,1.03,0,0,0,0.351,0,0
NJ_WODU_11_AD,0.0343,1.37e-6,5.1e-7,3.68,0,0,0,0,0,0,0,0,0,0,0,0,0,0,0,0,0,0,0,0,0,0,0,0,0,0,0.24,0,0,0,0,0,0,0,0,0,0,0,0,0,0,0,0,0,0,0,0,0,0,0,0,0,0,0,0,0,0,0,0,0,0,0,0,0.093,0.294,0,0,0,0,0,0,0,0,0,0,0,0,0,0,0,0,0,0,0,0,0,0,0,0,0,0,0.092,0.055,0,0,0,0,0,0,0,0,0,0.448,0,0,0,0,0.112,0,0,0,0,0,0.805,0,0,0.053,0,0,0,0,0,0,0,0.031,0,0.216,0,0,0,0,0,0,0,0,0,0.54,0.247,0.121,0,0,0,0,0,0,0,0.183,0.112,0.22,0,0,0.185,0,0,0,0,0,0,0,0,0,0,0,0,0,0.92,5.26,0.06,0,1.12,1.5,0,0,0.517,0.479,0,0
NJ_ABDU_30_AD,0.605,2.42e-5,8.98e-6,64.8,0.319,0.045,0,0,0,0,0,0.04,0,0,0,0,0,0,0,0,0,0,0,0,0,0,0.706,0,0,0.029,0,0,0.173,0,0,0,0,0,0.06,0,0,0,0.586,0,0,0.097,0,0,0,0.247,0,0,1,0,0.118,1.27,0,0,0.085,0.066,0.202,0,0,0,0,0,0,2.97,7.09,0.468,0.198,0.39,0,0,0.176,0.086,0,0.11,0,0,0.128,0,0,0,0.453,0,0.199,0,0.644,0,0.305,0.202,0,0,0,3.44,1.36,0,0.267,0,0.155,0.208,0,0.099,0,0.242,9.27,1.08,0,0.177,0,2,0.156,0,0,0.202,0,10.8,0.047,0,0.925,0.251,0.79,0.103,0,0.09,0,0.065,0.425,0,1.76,0.2,0.287,0,0.211,0.042,0,0.509,0.311,0.032,2.64,2.9,0.682,0,0.046,0,0,0.098,0,0.307,0.967,0.291,1.03,0,0,1.28,0,0.067,0.189,0,0.079,0.564,0,0.207,0,0,0,2.79,0,36.4,30.5,0.34,0.04,9.95,28.6,0,0.771,3.82,16.6,3.73,0.908
NJ_AGWT_01_AD,2.65,1.06e-4,3.94e-5,284,2.539,0,0,0,0,0,0,0.287,0,0,0,0.02300000000000002,0,0,0,0,0,0,0,0,0.044,0.076,9.98,0,0,0.904,0,0,0.985,0.189,0,0,0.438,0.092,1.25,0.18,0,0,5.69,0,0,1.38,0,0,0,1.61,0,0,7.87,0,0.709,14.4,0,0,1.65,0.461,1.39,0,0,0,0.138,0,0,7.09,19,1.58,1.08,1.47,0,0,0.467,0.479,0,0.395,0.161,0,0.487,0,0,0.068,2.32,0.207,0.581,0,3.11,0.212,1.53,1.55,0,0,0,13.9,3.05,0.09,0.646,0,0.06,0.688,0,0.471,0.077,0.603,23.2,3.7,0,0.537,0,7.32,0.563,0.044,0,0.948,0,37.9,0.406,0.093,1.91,0.573,2.18,0.563,0,0.266,0,0.112,1.08,0,8.89,1.44,1.05,0,0.828,0.178,0.053,1.74,1.14,0.127,23.5,15,5.32,0,0.089,0,0,0.319,0.352,1.38,5.85,1.83,7.64,0.255,0.22,5.86,0,0.302,0.717,0,0.281,4.2,0.514,1.31,0,0,0,41.4,0,147,226,2.56,0.287,61.4,87,0,6.02,22.7,55.3,37.1,11.9
NJ_AGWT_01_LC,1.11,4.44e-5,1.65e-5,119,9.768999999999998,0,0,0,0,0,0,0,0,0,0,0,0,0,0,0,0,0,0,0,0,0,0.468,0,0,0.057,0,0,0,0,0,0,0.081,0,0.049,0,0,0,0.192,0,0,0.044,0,0,0,0.098,0,0,0.498,0,0.055,0.772,0,0,0.054,0,0.268,0,0.061,0,0,0,0,1.17,4.08,0.249,0.076,0.182,0,0,0.048,0.065,0,0.06,0,0,0.13,0,0,0,0.338,0,0,0,0.344,0,0.055,0.053,0,0,0,2.07,0.967,0,0.156,0,0.138,0.169,0,0.04,0,0.067,6.67,0.568,0,0,0,2.94,0.171,0.038,0,0.055,0,19.4,0.221,0.025,0.613,0.344,0.288,0.216,0,0.173,0,0,0.63,0,3.6,0.467,0.486,0,0.112,0.094,0,0.481,0.27,0,10.3,5.92,2.42,0,0,0,0.079,0.246,0.123,0.646,4.76,0.979,6.9,0.628,0.168,5.16,0,0.442,0.709,0,0.198,13.2,1.94,4.33,0,0,0,2,0,20.7,97.9,9.79,0,25.1,33.8,0,19.5,19.7,8.68,1.84,0.525
NJ_CAGO_01_AD,0.0317,1.27e-6,4.71e-7,3.4,0.39799999999999996,0.033,0,0,0,0,0,0,0,0,0,0,0,0,0,0,0,0,0,0,0,0,0.042,0,0,0,0,0,0,0,0,0,0,0,0.019,0,0,0,0.039,0,0,0.059,0,0,0,0,0,0,0.04,0.03,0,0.058,0,0,0,0,0,0,0,0,0,0,0,0.084,0.221,0,0,0,0,0.122,0,0,0,0,0,0,0,0,0,0,0,0,0,0,0.079,0,0,0,0,0,0,0,0.057,0,0,0,0,0,0,0,0,0,0.319,0.085,0,0,0,0.075,0,0,0,0,0,0.433,0,0,0.041,0,0,0,0,0,0,0,0,0,0.111,0,0,0,0,0,0,0.04,0,0,0.239,0.145,0.052,0,0,0,0,0,0,0,0.08,0,0.112,0,0,0.138,0,0.015,0.027,0,0,0.368,0.053,0.13,0,0,0,0.16,0,0,2.41,0.419,0,0.587,1.01,0,0.551,0.357,0.221,0.215,0.042
NJ_CAGO_30_AD,0.0496,1.98e-6,7.36e-7,5.31,0.233,0,0,0,0,0,0,0,0,0,0,0,0,0,0,0,0,0,0,0,0,0,0,0,0,0,0,0,0,0,0,0,0,0,0,0,0,0,0,0,0,0,0,0,0,0,0,0,0.042,0,0,0,0,0,0,0,0,0,0,0,0,0,0,0.09,0.299,0,0,0,0,0,0,0,0,0,0,0,0,0,0,0,0,0,0,0,0,0,0,0,0,0,0,0.163,0.072,0,0,0,0,0,0,0,0,0,0.461,0,0,0,0,0.154,0,0,0,0,0,0.796,0,0,0.045,0,0,0,0,0,0,0,0,0,0.192,0,0,0,0,0,0,0.048,0,0,0.459,0.368,0.11,0,0,0,0,0,0,0,0.22,0.085,0.42,0,0,0.379,0,0.049,0.098,0,0,0.421,0.075,0.2,0,0,0,0,0,1.63,4.57,0.254,0,1.13,1.53,0,0.696,1.2,0.462,0.042,0
NJ_MALL_01_AD,0.0185,7.39e-7,2.74e-7,1.98,0.2,0,0,0,0,0,0,0,0,0,0,0,0,0,0,0,0,0,0,0,0,0,0,0,0,0,0,0,0,0,0,0,0,0,0,0,0,0,0,0,0,0,0,0,0,0,0,0,0,0,0,0,0,0,0,0,0,0,0,0,0,0,0,0,0.146,0,0,0,0,0,0,0,0,0,0,0,0,0,0,0,0,0,0,0,0,0,0,0,0,0,0,0.06,0,0,0,0,0,0,0,0,0,0,0.136,0,0,0,0,0.053,0,0,0,0,0,0.401,0,0,0,0,0,0,0,0,0,0,0,0,0.092,0,0,0,0,0,0,0,0,0,0.142,0.179,0.045,0,0,0,0,0.032,0,0,0.237,0,0.216,0,0,0.268,0,0,0,0,0,0.242,0,0.113,0,0,0,0,0,0,1.67,0.221,0,0.458,0.59,0,0.113,0.453,0.146,0,0
NJ_MALL_10_AD,1.07,4.29e-5,1.59e-5,115,1.449,0,0,0,0,0,0,0,0,0,0,0,0,0,0,0,0,0,0,0,0,0,0.659,0,0,0,0,0,0,0,0,0,0,0,0,0,0,0,0.158,0,0,0,0,0,0,0.14,0,0,1.18,0,0.085,1.06,0,0,0,0,0.233,0,0,0,0,0,0,2.62,9.27,0.366,0,0.291,0,0,0.106,0,0,0.092,0,0,0.27,0,0,0,0.433,0,0,0,0.295,0,0.078,0,0,0,0,3.4,1.64,0,0.158,0,0,0.286,0,0,0,0.098,11.2,0.437,0,0,0,4.28,0.181,0,0,0,0,25.9,0.127,0,0.827,0.441,0.525,0.292,0,0.183,0,0,0.823,0,3.79,0.615,0.415,0,0.068,0.074,0,0.665,0.541,0,10.1,7.64,2.73,0,0,0,0.035,0.202,0.116,0.696,3.69,0.832,4.26,0.32,0.07,4,0,0.314,1.02,0,0.108,2.45,0.548,1.26,0,0,0,2.5,0,34,99.7,1.47,0,27.6,47,0,4.26,14.4,16.6,2.86,0.659
NJ_MALL_11_AD,0.4,1.6e-5,5.95e-6,42.9,0.975,0,0,0,0,0,0,0,0,0,0,0,0,0,0,0,0,0,0,0,0,0,0.294,0,0,0,0,0,0,0,0,0,0,0,0,0,0,0,0,0,0,0,0,0,0,0.084,0,0,0.657,0,0,0.271,0,0,0,0,0,0,0.032,0,0,0,0,1.68,3.87,0.124,0,0.123,0,0,0.138,0,0,0.071,0,0,0.071,0,0,0,0.085,0,0,0,0.086,0,0.057,0,0,0,0,1.21,0.885,0,0.095,0,0,0.088,0,0,0,0.141,5.25,0.186,0,0,0,1.14,0.048,0,0,0,0,6.47,0,0,0.588,0.165,0.398,0.08,0,0.056,0,0,0.285,0,1.81,0.19,0.22,0,0.07,0.044,0,0.259,0.153,0,4.15,2.11,0.709,0,0,0,0,0.064,0.051,0.214,1.08,0.4,1.76,0.043,0,1.63,0,0.065,0.253,0,0.043,1.35,0.173,0.522,0,0,0,1.12,0,12.1,40,0.996,0,10,15.9,0,2.05,5.19,7.52,0.96,0.294
NJ_MALL_30_AD,0.432,1.73e-5,6.42e-6,46.3,0.644,0,0,0,0,0,0,0,0,0,0,0,0,0,0,0,0,0,0,0,0,0,0.16,0,0,0,0,0,0,0,0,0,0,0,0,0,0,0,0,0,0,0,0,0,0,0.058,0,0,0.325,0,0,0.282,0,0,0.055,0,0,0,0,0,0,0,0,1.04,2.93,0.112,0.069,0.111,0,0,0.08,0,0,0.059,0,0,0.1,0,0,0,0.128,0,0,0,0.144,0,0.065,0.093,0,0,0,0.764,0.652,0,0.065,0,0,0.093,0,0,0,0.077,3.83,0.253,0,0,0,1.11,0,0,0,0.07,0,7.88,0,0,0.568,0.163,0.293,0.104,0,0.056,0,0,0.313,0,2.19,0.205,0.221,0,0.107,0,0,0.216,0.188,0,6.17,2.73,1.09,0,0,0,0,0.108,0.048,0.346,2.29,0.611,2.89,0.098,0,2.37,0,0,0.199,0,0.08,1.4,0.216,0.433,0,0,0,0.608,0,7.64,56.7,0.665,0,13.5,15.5,0,2.05,8.46,5.33,0.665,0.16
