ID,"2,4'-DDD","HQ_2,4'-DDD","CR_2,4'-DDD","EPA_CR_2,4'-DDD","2,4'-DDE","HQ_2,4'-DDE","CR_2,4'-DDE","EPA_CR_2,4'-DDE","2,4'-DDT","HQ_2,4'-DDT","CR_2,4'-DDT","EPA_CR_2,4'-DDT","4,4'-DDD","HQ_4,4'-DDD","CR_4,4'-DDD","EPA_CR_4,4'-DDD","4,4'-DDE","HQ_4,4'-DDE","CR_4,4'-DDE","EPA_CR_4,4'-DDE","4,4'-DDT","HQ_4,4'-DDT","CR_4,4'-DDT","EPA_CR_4,4'-DDT",Aldrin,HQ_Aldrin,CR_Aldrin,EPA_CR_Aldrin,"Chlordane, alpha (cis)","HQ_Chlordane, alpha (cis)","CR_Chlordane, alpha (cis)","EPA_CR_Chlordane, alpha (cis)","Chlordane, gamma (trans)","HQ_Chlordane, gamma (trans)","CR_Chlordane, gamma (trans)","EPA_CR_Chlordane, gamma (trans)","Chlordane, oxy-","HQ_Chlordane, oxy-","CR_Chlordane, oxy-","EPA_CR_Chlordane, oxy-","HCH, alpha","HQ_HCH, alpha","CR_HCH, alpha","EPA_CR_HCH, alpha","HCH, beta","HQ_HCH, beta","CR_HCH, beta","EPA_CR_HCH, beta","HCH, gamma","HQ_HCH, gamma","CR_HCH, gamma","EPA_CR_HCH, gamma",Heptachlor,HQ_Heptachlor,CR_Heptachlor,EPA_CR_Heptachlor,Hexachlorobenzene,HQ_Hexachlorobenzene,CR_Hexachlorobenzene,EPA_CR_Hexachlorobenzene,Mirex,HQ_Mirex,CR_Mirex,EPA_CR_Mirex,"Nonachlor, cis-","HQ_Nonachlor, cis-","CR_Nonachlor, cis-","EPA_CR_Nonachlor, cis-","Nonachlor, trans-","HQ_Nonachlor, trans-","CR_Nonachlor, trans-","EPA_CR_Nonachlor, trans-",Dieldrin,HQ_Dieldrin,CR_Dieldrin,Endosulphan Sulphate,Endrin,HQ_Endrin,Endrin Aldehyde,Endrin Ketone,"HCH, delta",Heptachlor Epoxide,HQ_Heptachlor Epoxide,CR_Heptachlor Epoxide,Methoxychlor,HQ_Methoxychlor,alpha-Endosulphan,HQ_alpha-Endosulphan,beta-Endosulphan,HQ_beta-Endosulphan,Sum_OCPs_HQ,Sum_OCPs_CR,Sum_OCPs_EPACR
1 NY,0,0,0,0,0,0,0,0,0,0,0,0,0.033,1.23e-5,1.48e-9,5.49e-10,11.772,0.0044,7.47e-7,2.77e-7,0.109,4.07e-5,6.92e-9,2.57e-9,0,0,0,0,0,0,0,0,0,0,0,0,0.358,1.34e-4,2.34e-8,8.68e-9,0,0,0,0,0,0,0,0,0,0,0,0,0,0,0,0,0.729,0.00194,2.18e-7,8.08e-8,0.181,1.69e-4,6.08e-7,2.26e-7,0,0,0,0,0.096,3.58e-5,6.27e-9,2.33e-9,0.096,3.58e-4,1.06e-7,0,0,0,0,0,0,0,0,0,0,0,0,0,0,0,0.0070898,1.71707e-6,5.97929e-7
10,0,0,0,0,0,0,0,0,0,0,0,0,0.146,5.45e-5,6.54e-9,2.43e-9,4.3420000000000005,0.00162,2.76e-7,1.02e-7,0.039,1.46e-5,2.48e-9,9.19e-10,0.082,5.1e-4,2.6e-7,9.66e-8,0.182,6.8e-5,1.19e-8,4.41e-9,0,0,0,0,0.287,1.07e-4,1.88e-8,6.96e-9,0,0,0,0,0,0,0,0,0,0,0,0,0,0,0,0,0.921,0.00246,2.75e-7,1.02e-7,0.457,4.27e-4,1.54e-6,5.7e-7,0.189,7.06e-5,1.23e-8,4.58e-9,0.26,9.71e-5,1.7e-8,6.31e-9,0.623,0.00233,6.91e-7,0,0,0,0,0,0,0.577,0.00829,3.64e-7,0,0,0,0,0,0,0.016048800000000002,3.47502e-6,8.96209e-7
11-1,0,0,0,0,0,0,0,0,0,0,0,0,0.035,1.31e-5,1.57e-9,5.82e-10,3.162,0.00118,2.01e-7,7.45e-8,0,0,0,0,0,0,0,0,0,0,0,0,0,0,0,0,0,0,0,0,0,0,0,0,0,0,0,0,0,0,0,0,0,0,0,0,0.16,4.27e-4,4.78e-8,1.77e-8,0,0,0,0,0,0,0,0,0,0,0,0,0,0,0,0,0,0,0,0,0,0,0,0,0,0,0,0,0,0,0.0016201000000000002,2.5037e-7,9.2782e-8
11-2,0,0,0,0,0,0,0,0,0,0,0,0,0,0,0,0,7.972,0.00298,5.06e-7,1.88e-7,0.092,3.43e-5,5.84e-9,2.17e-9,0,0,0,0,0,0,0,0,0,0,0,0,0.541,2.02e-4,3.53e-8,1.31e-8,0,0,0,0,0,0,0,0,0,0,0,0,0,0,0,0,1.33,0.00355,3.97e-7,1.47e-7,0.243,2.27e-4,8.17e-7,3.03e-7,0.064,2.39e-5,4.18e-9,1.55e-9,0.229,8.55e-5,1.5e-8,5.55e-9,0.48400000000000004,0.00181,5.37e-7,0,0,0,0,0,0,0.32,0.0046,2.02e-7,0,0,0,0,0,0,0.0135127,2.51932e-6,6.6037e-7
119-4,0,0,0,0,0,0,0,0,0,0,0,0,0,0,0,0,1.47,5.49e-4,9.33e-8,3.46e-8,0,0,0,0,0,0,0,0,0,0,0,0,0,0,0,0,0,0,0,0,0,0,0,0,0,0,0,0,0,0,0,0,0,0,0,0,0.125,3.33e-4,3.73e-8,1.39e-8,0.118,1.1e-4,3.97e-7,1.47e-7,0,0,0,0,0.09,3.36e-5,5.88e-9,2.18e-9,0,0,0,0,0,0,0,0,0,0,0,0,0,0,0,0,0,0,0.0010256,5.3348e-7,1.9768e-7
122-1,0,0,0,0,0,0,0,0,0,0,0,0,0.292,1.09e-4,1.31e-8,4.86e-9,4.73,0.00177,3e-7,1.11e-7,0,0,0,0,0,0,0,0,0,0,0,0,0,0,0,0,0,0,0,0,0,0,0,0,0,0,0,0,0.193,0.045,3.96e-8,1.47e-8,0,0,0,0,0.267,7.12e-4,7.97e-8,2.96e-8,0,0,0,0,0,0,0,0,0.039,1.46e-5,2.55e-9,9.46e-10,0.114,4.26e-4,1.26e-7,0,0,0,0,0,0,0,0,0,0,0,0,0,0,0,0.0480316,5.6095e-7,1.6110600000000001e-7
123-1,0,0,0,0,0,0,0,0,0,0,0,0,0.097,3.62e-5,4.35e-9,1.61e-9,26.7,0.00997,1.69e-6,6.29e-7,0,0,0,0,0,0,0,0,0,0,0,0,0,0,0,0,1.04,3.88e-4,6.8e-8,2.52e-8,0,0,0,0,0,0,0,0,0,0,0,0,0,0,0,0,0.572,0.00153,1.71e-7,6.34e-8,0.215,2.01e-4,7.22e-7,2.68e-7,0,0,0,0,0.205,7.65e-5,1.34e-8,4.97e-9,0.193,7.21e-4,2.14e-7,0,0,0,0,0,0,0.228,0.00327,1.44e-7,0,0,0,0,0,0,0.0161927,3.02675e-6,9.9218e-7
128-1,0,0,0,0,0,0,0,0,0,0,0,0,0.37,1.38e-4,1.66e-8,6.15e-9,6.04,0.00226,3.83e-7,1.42e-7,0.549,2.05e-4,3.48e-8,1.29e-8,0,0,0,0,0,0,0,0,0,0,0,0,0,0,0,0,0,0,0,0,0,0,0,0,0,0,0,0,0,0,0,0,0,0,0,0,0,0,0,0,0,0,0,0,0.136,5.08e-5,8.89e-9,3.3e-9,0,0,0,0,0,0,0,0,0,0.314,0.00451,1.98e-7,0,0,0,0,0,0,0.0071638,6.412899999999999e-7,1.6435e-7
131-1,0,0,0,0,0,0,0,0,0,0,0,0,0.082,3.06e-5,3.67e-9,1.36e-9,10.2,0.00381,6.47e-7,2.4e-7,0.202,7.54e-5,1.28e-8,4.76e-9,0,0,0,0,0.16,5.97e-5,1.05e-8,3.88e-9,0,0,0,0,12.5,0.00467,8.17e-7,3.03e-7,0,0,0,0,0,0,0,0,0,0,0,0,0,0,0,0,0.12399999999999997,3.31e-4,3.7e-8,1.37e-8,0.193,1.8e-4,6.49e-7,2.41e-7,0.292,1.09e-4,1.91e-8,7.08e-9,9.07,0.00339,5.93e-7,2.2e-7,0.355,0.00133,3.94e-7,0,0,0,0,0,0,0.632,0.00908,3.99e-7,0,0,0,0,0,0,0.023065699999999998,3.58207e-6,1.03478e-6
132-1,0,0,0,0,0,0,0,0,0,0,0,0,2.11,7.88e-4,9.45e-8,3.51e-8,14.8,0.00553,9.39e-7,3.49e-7,0.758,2.83e-4,4.81e-8,1.79e-8,0,0,0,0,0,0,0,0,0,0,0,0,0.532,1.99e-4,3.48e-8,1.29e-8,0,0,0,0,0,0,0,0,0.446,0.104,9.16e-8,3.4e-8,0,0,0,0,0.12099999999999997,3.23e-4,3.61e-8,1.34e-8,0,0,0,0,0,0,0,0,0.307,1.15e-4,2.01e-8,7.45e-9,0,0,0,0,0,0,0,0,0,0,0,0,0,0,0,0,0,0,0.11123799999999999,1.2642000000000001e-6,4.6975000000000003e-7
136-1,0,0,0,0,0,0,0,0,0,0,0,0,0.181,6.76e-5,8.11e-9,3.01e-9,25.9,0.00967,1.64e-6,6.1e-7,0.17,6.35e-5,1.08e-8,4.01e-9,0,0,0,0,0,0,0,0,0,0,0,0,0.711,2.65e-4,4.65e-8,1.72e-8,0,0,0,0,0.621,1.93e-4,2.09e-7,7.75e-8,0,0,0,0,0,0,0,0,3.483,0.00929,1.04e-6,3.86e-7,0.109,1.02e-4,3.66e-7,1.36e-7,0.15,5.6e-5,9.8e-9,3.64e-9,0.54,2.02e-4,3.53e-8,1.31e-8,1.18,0.00441,1.31e-6,0,0,0,0,0,0,0.528,0.00758,3.33e-7,0,0,0,0,0,0,0.0318991,5.00851e-6,1.2504599999999999e-6
138-1,0,0,0,0,0,0,0,0,0,0,0,0,0.704,2.63e-4,3.15e-8,1.17e-8,7.99,0.00298,5.07e-7,1.88e-7,0.922,3.44e-4,5.85e-8,2.17e-8,0,0,0,0,0,0,0,0,0,0,0,0,0,0,0,0,0,0,0,0,0,0,0,0,0,0,0,0,0,0,0,0,0,0,0,0,0,0,0,0,0,0,0,0,0,0,0,0,0,0,0,0,0,0,0,0,0,0,0,0,0,0,0,0,0,0,0.003587,5.97e-7,2.2139999999999998e-7
142-1,0,0,0,0,0,0,0,0,0,0,0,0,0,0,0,0,12,0.00448,7.62e-7,2.83e-7,0,0,0,0,0,0,0,0,0,0,0,0,0,0,0,0,0,0,0,0,0,0,0,0,0,0,0,0,0.282,0.0658,5.79e-8,2.15e-8,0.629,0.00117,5.28e-7,1.96e-7,0.41600000000000004,0.00111,1.24e-7,4.61e-8,0.13,1.21e-4,4.37e-7,1.62e-7,0,0,0,0,0.064,2.39e-5,4.18e-9,1.55e-9,0,0,0,0,0,0,0,0,0,0,0,0,0,0,0,0,0,0,0.0727049,1.91308e-6,7.1015e-7
148-1,0,0,0,0,0,0,0,0,0,0,0,0,0.217,8.1e-5,9.72e-9,3.61e-9,8.47,0.00316,5.38e-7,2e-7,0.09,3.36e-5,5.71e-9,2.12e-9,0,0,0,0,0,0,0,0,0,0,0,0,0.721,2.69e-4,4.71e-8,1.75e-8,0,0,0,0,0,0,0,0,0,0,0,0,0,0,0,0,0.265,7.07e-4,7.92e-8,2.94e-8,0.278,2.59e-4,9.34e-7,3.47e-7,0.036,1.34e-5,2.35e-9,8.73e-10,0.126,4.7e-5,8.23e-9,3.06e-9,0.173,6.46e-4,1.92e-7,0,0,0,0,0,0,0,0,0,0,0,0,0,0,0,0.005216,1.81631e-6,6.03563e-7
150-1,0,0,0,0,0,0,0,0,0,0,0,0,0,0,0,0,35.4,0.0132,2.25e-6,8.34e-7,0.173,6.46e-5,1.1e-8,4.08e-9,0,0,0,0,0,0,0,0,0,0,0,0,0.482,1.8e-4,3.15e-8,1.17e-8,0,0,0,0,0,0,0,0,0.416,0.0971,8.54e-8,3.17e-8,0,0,0,0,1.773,0.00473,5.3e-7,1.97e-7,0.137,1.28e-4,4.6e-7,1.71e-7,0.06,2.24e-5,3.92e-9,1.46e-9,0.292,1.09e-4,1.91e-8,7.08e-9,0.772,0.00288,8.56e-7,0,0,0,0,0,0,0.318,0.00457,2.01e-7,0,0,0,0,0,0,0.12298400000000001,4.44792e-6,1.25802e-6
158-1,0,0,0,0,0,0,0,0,0,0,0,0,0.601,2.24e-4,2.69e-8,1e-8,6.11,0.00228,3.88e-7,1.44e-7,0.168,6.27e-5,1.07e-8,3.96e-9,0,0,0,0,0,0,0,0,0,0,0,0,0,0,0,0,0,0,0,0,0,0,0,0,0,0,0,0,0,0,0,0,0.098,2.61e-4,2.93e-8,1.09e-8,0.37,3.45e-4,1.24e-6,4.62e-7,0,0,0,0,0.049,1.83e-5,3.2e-9,1.19e-9,0,0,0,0,0,0,0,0,0,0,0,0,0,0,0,0,0,0,0.003191,1.6980999999999999e-6,6.320499999999999e-7
177-1,0,0,0,0,0,0,0,0,0,0,0,0,0.376,1.4e-4,1.68e-8,6.25e-9,10.8,0.00403,6.85e-7,2.54e-7,0.254,9.48e-5,1.61e-8,5.98e-9,0,0,0,0,0,0,0,0,0,0,0,0,0.96,3.58e-4,6.27e-8,2.33e-8,0,0,0,0,0,0,0,0,0,0,0,0,0,0,0,0,0.18899999999999997,5.04e-4,5.65e-8,2.1e-8,0.115,1.07e-4,3.86e-7,1.43e-7,0.116,4.33e-5,7.58e-9,2.81e-9,0.352,1.31e-4,2.3e-8,8.54e-9,1.6,0.00597,1.77e-6,0,0,0,0,0,0,0.305,0.00438,1.92e-7,0,0,0,0,0,0,0.0157581,3.21568e-6,4.6488e-7
184-1,0,0,0,0,0,0,0,0,0,0,0,0,0.204,7.62e-5,9.14e-9,3.39e-9,11.1,0.00414,7.05e-7,2.62e-7,0.357,1.33e-4,2.27e-8,8.41e-9,0,0,0,0,0,0,0,0,0,0,0,0,1.93,7.21e-4,1.26e-7,4.68e-8,0,0,0,0,0,0,0,0,0,0,0,0,0,0,0,0,0.32800000000000007,8.75e-4,9.8e-8,3.64e-8,0.256,2.39e-4,8.6e-7,3.19e-7,0.444,1.66e-4,2.9e-8,1.08e-8,1.48,5.53e-4,9.67e-8,3.59e-8,0.511,0.00191,5.67e-7,0,0,0,0,0,0,0,0,0,0,0,0,0,0,0,0.0088132,2.51354e-6,7.227e-7
184-2,0,0,0,0,0,0,0,0,0,0,0,0,0.278,1.04e-4,1.25e-8,4.62e-9,10.1,0.00377,6.41e-7,2.38e-7,0.296,1.11e-4,1.88e-8,6.97e-9,0,0,0,0,0.21,7.84e-5,1.37e-8,5.09e-9,0,0,0,0,1.86,6.94e-4,1.22e-7,4.51e-8,0,0,0,0,0,0,0,0,0,0,0,0,0,0,0,0,0.358,9.55e-4,1.07e-7,3.97e-8,0.302,2.82e-4,1.01e-6,3.77e-7,0.538,2.01e-4,3.52e-8,1.3e-8,2,7.47e-4,1.31e-7,4.85e-8,0.669,0.0025,7.42e-7,0,0,0,0,0,0,0.364,0.00523,2.3e-7,0,0,0,0,0,0,0.0146724,3.0632e-6,7.7798e-7
190-1A,0,0,0,0,0,0,0,0,0,0,0,0,0.083,3.1e-5,3.72e-9,1.38e-9,4.85,0.00181,3.08e-7,1.14e-7,0,0,0,0,0,0,0,0,0,0,0,0,0,0,0,0,0.397,1.48e-4,2.59e-8,9.63e-9,0,0,0,0,0,0,0,0,0,0,0,0,0,0,0,0,0.773,0.00206,2.31e-7,8.57e-8,0.123,1.15e-4,4.13e-7,1.53e-7,0.076,2.84e-5,4.97e-9,1.84e-9,0.491,1.83e-4,3.21e-8,1.19e-8,0.374,0.0014,4.15e-7,0,0,0,0,0,0,0,0,0,0,0,0,0,0,0,0.0057754,1.43369e-6,3.7745000000000003e-7
190-1B,0,0,0,0,0,0,0,0,0,0,0,0,7.36,0.00275,3.3e-7,1.22e-7,331,0.124,2.1e-5,7.8e-6,12.6,0.0047,8e-7,2.97e-7,0,0,0,0,0,0,0,0,0,0,0,0,1.13,4.22e-4,7.38e-8,2.74e-8,0,0,0,0,0,0,0,0,0.224,0.0523,4.6e-8,1.71e-8,0.107,2e-4,8.99e-8,3.34e-8,0.28800000000000003,7.68e-4,8.6e-8,3.19e-8,0.519,4.84e-4,1.74e-6,6.47e-7,0.228,8.51e-5,1.49e-8,5.53e-9,1.5,5.6e-4,9.8e-8,3.64e-8,1.97,0.00736,2.18e-6,0,0,0,0,0,0,0,0,0,0,0,0,0,0,0,0.1936291,2.6458599999999998e-5,9.01773e-6
197-1,0,0,0,0,0,0,0,0,0,0,0,0,0.132,4.93e-5,5.91e-9,2.2e-9,3.11,0.00116,1.97e-7,7.33e-8,0.024,8.96e-6,1.52e-9,5.65e-10,0,0,0,0,0,0,0,0,0,0,0,0,0,0,0,0,0,0,0,0,0,0,0,0,0.235,0.0548,4.83e-8,1.79e-8,0,0,0,0,0.46099999999999997,0.00123,1.38e-7,5.11e-8,0,0,0,0,0,0,0,0,0.118,4.41e-5,7.71e-9,2.86e-9,0.541,0.00202,6e-7,0,0,0,0,0,0,0,0,0,0,0,0,0,0,0,0.05931236,9.984399999999999e-7,1.47925e-7
2,0,0,0,0,0,0,0,0,0,0,0,0,0,0,0,0,3.542,0.00132,2.25e-7,8.35e-8,0,0,0,0,0,0,0,0,0,0,0,0,0,0,0,0,0,0,0,0,0,0,0,0,0,0,0,0,0,0,0,0,0,0,0,0,0.072,1.92e-4,2.15e-8,7.98e-9,0.066,6.16e-5,2.22e-7,8.23e-8,0,0,0,0,0,0,0,0,0,0,0,0,0,0,0,0,0,0,0,0,0,0,0,0,0,0,0.0015736,4.685e-7,1.7378e-7
205-1,0,0,0,0,0,0,0,0,0.052,1.94e-5,3.3e-9,1.23e-9,0.33,1.23e-4,1.48e-8,5.49e-9,16.1,0.00601,1.02e-6,3.79e-7,0.38,1.42e-4,2.41e-8,8.95e-9,0,0,0,0,1.13,4.22e-4,7.38e-8,2.74e-8,0.313,1.17e-4,2.05e-8,7.59e-9,7.16,0.00267,4.68e-7,1.74e-7,0,0,0,0,0,0,0,0,0,0,0,0,0,0,0,0,0.43300000000000005,0.00115,1.29e-7,4.8e-8,0,0,0,0,0.999,3.73e-4,6.53e-8,2.42e-8,10.7,0.00399,6.99e-7,2.6e-7,11.6,0.0433,1.29e-5,0,0,0,0,0,0,3.2,0.046,2.02e-6,0,0,0,0,0,0,0.1043164,1.74378e-5,9.3586e-7
206-1,0,0,0,0,0,0,0,0,0.098,3.66e-5,6.22e-9,2.31e-9,0.756,2.82e-4,3.39e-8,1.26e-8,12.1,0.00452,7.68e-7,2.85e-7,0.797,2.98e-4,5.06e-8,1.88e-8,0,0,0,0,0,0,0,0,0,0,0,0,0.776,2.9e-4,5.07e-8,1.88e-8,0,0,0,0,0,0,0,0,0,0,0,0,0,0,0,0,0.55,0.00147,1.64e-7,6.1e-8,0,0,0,0,1.42,5.3e-4,9.28e-8,3.44e-8,2.39,8.92e-4,1.56e-7,5.8e-8,1.13,0.00422,1.25e-6,0,0,0,0,0,0,0.377,0.00541,2.38e-7,0,0,0,0,0,0,0.0179486,2.81022e-6,4.9091e-7
209-1,0,0,0,0,0,0,0,0,0,0,0,0,0.264,9.86e-5,1.18e-8,4.39e-9,2.81,0.00105,1.78e-7,6.62e-8,0.134,5e-5,8.51e-9,3.16e-9,0,0,0,0,0,0,0,0,0,0,0,0,0,0,0,0,0,0,0,0,0,0,0,0,0.234,0.0546,4.81e-8,1.78e-8,0,0,0,0,0.145,3.87e-4,4.33e-8,1.61e-8,0,0,0,0,0.175,6.53e-5,1.14e-8,4.24e-9,0.28,1.05e-4,1.83e-8,6.79e-9,0.176,6.57e-4,1.95e-7,0,0,0,0,0,0,0.477,0.00685,3.01e-7,0,0,0,0,0,0,0.0638629,8.1541e-7,1.1868e-7
209-2,0,0,0,0,0,0,0,0,0,0,0,0,0.039,1.46e-5,1.75e-9,6.49e-10,0.648,2.42e-4,4.11e-8,1.53e-8,0.096,3.58e-5,6.09e-9,2.26e-9,0,0,0,0,0,0,0,0,0,0,0,0,0,0,0,0,0,0,0,0,0,0,0,0,0,0,0,0,0,0,0,0,1.623,0.00433,4.85e-7,1.8e-7,0,0,0,0,0.059,2.2e-5,3.85e-9,1.43e-9,0.151,5.64e-5,9.87e-9,3.66e-9,0.129,4.82e-4,1.43e-7,0,0,0,0,0,0,0.137,0.00197,8.64e-8,0,0,0,0,0,0,0.0071528,7.7706e-7,2.03299e-7
21-1,0,0,0,0,0,0,0,0,0.022,8.21e-6,1.4e-9,5.18e-10,1.4,5.23e-4,6.27e-8,2.33e-8,70.27199999999999,0.0262,4.46e-6,1.66e-6,0.386,1.44e-4,2.45e-8,9.09e-9,0,0,0,0,0,0,0,0,0,0,0,0,0,0,0,0,0,0,0,0,0,0,0,0,0,0,0,0,0,0,0,0,0.148,3.95e-4,4.42e-8,1.64e-8,7.55,0.00705,2.54e-5,9.42e-6,0.245,9.15e-5,1.6e-8,5.94e-9,0.489,1.83e-4,3.19e-8,1.19e-8,4.1930000000000005,0.0157,4.65e-6,0,0,0,0,0,0,0.666,0.00956,4.2e-7,0,0,0,0,0,0,0.05985471,3.51107e-5,1.1147148e-5
210-1,0,0,0,0,0,0,0,0,0,0,0,0,0.098,3.66e-5,4.39e-9,1.63e-9,2.24,8.36e-4,1.42e-7,5.28e-8,0.064,2.39e-5,4.06e-9,1.51e-9,0,0,0,0,0,0,0,0,0,0,0,0,0,0,0,0,0,0,0,0,0,0,0,0,0,0,0,0,0,0,0,0,0,0,0,0,0,0,0,0,0,0,0,0,0.062,2.31e-5,4.05e-9,1.5e-9,0.33,0.00123,3.66e-7,0,0,0,0,0,0,0,0,0,0,0,0,0,0,0,0.0021496,5.205e-7,5.7440000000000003e-8
213-2,0,0,0,0,0,0,0,0,0.017,6.35e-6,1.08e-9,4.01e-10,0.371,1.39e-4,1.66e-8,6.17e-9,5.64,0.00211,3.58e-7,1.33e-7,0.149,5.56e-5,9.46e-9,3.51e-9,0,0,0,0,0,0,0,0,0,0,0,0,0,0,0,0,0,0,0,0,0,0,0,0,0.211,0.0492,4.33e-8,1.61e-8,0,0,0,0,0.173,4.61e-4,5.17e-8,1.92e-8,0,0,0,0,0.047,1.75e-5,3.07e-9,1.14e-9,0.068,2.54e-5,4.44e-9,1.65e-9,0.184,6.87e-4,2.04e-7,0,0,0,0,0,0,0,0,0,0,0,0,0,0,0,0.05270185,6.9165e-7,1.81171e-7
216-1,0,0,0,0,0,0,0,0,0,0,0,0,0.025,9.33e-6,1.12e-9,4.16e-10,0.559,2.09e-4,3.55e-8,1.32e-8,0,0,0,0,0,0,0,0,0,0,0,0,0,0,0,0,0,0,0,0,0,0,0,0,0,0,0,0,0,0,0,0,0,0,0,0,0.168,4.48e-4,5.02e-8,1.86e-8,0,0,0,0,0,0,0,0,0,0,0,0,0.172,6.42e-4,1.91e-7,0,0,0,0,0,0,0,0,0,0,0,0,0,0,0,0.00130833,2.7782e-7,3.2216e-8
219-01,0,0,0,0,0,0,0,0,0,0,0,0,0.092,3.43e-5,4.12e-9,1.53e-9,12.1,0.00452,7.68e-7,2.85e-7,0,0,0,0,0,0,0,0,0.187,6.98e-5,1.22e-8,4.54e-9,0,0,0,0,0,0,0,0,0,0,0,0,0,0,0,0,0,0,0,0,0,0,0,0,0.44,0.00117,1.31e-7,4.88e-8,0.19,1.77e-4,6.38e-7,2.37e-7,0.195,7.28e-5,1.27e-8,4.73e-9,0.825,3.08e-4,5.39e-8,2e-8,0.677,0.00253,7.51e-7,0,0,0,0,0,0,0.196,0.00281,1.24e-7,0,0,0,0,0,0,0.0116919,2.4949199999999997e-6,6.016e-7
26-2,0,0,0,0,0,0,0,0,0,0,0,0,0,0,0,0,1.672,6.24e-4,1.06e-7,3.94e-8,0,0,0,0,0,0,0,0,0,0,0,0,0,0,0,0,0,0,0,0,0,0,0,0,0,0,0,0,0,0,0,0,0,0,0,0,0.205,5.47e-4,6.12e-8,2.27e-8,0.167,1.56e-4,5.61e-7,2.08e-7,0.048,1.79e-5,3.14e-9,1.16e-9,0.139,5.19e-5,9.08e-9,3.37e-9,0.28600000000000003,0.00107,3.17e-7,0,0,0,0,0,0,0,0,0,0,0,0,0,0,0,0.0024668,1.05742e-6,2.7463e-7
3,0,0,0,0,0,0,0,0,0,0,0,0,0.106,3.96e-5,4.75e-9,1.76e-9,56.372,0.021,3.58e-6,1.33e-6,0.396,1.48e-4,2.51e-8,9.33e-9,0,0,0,0,0,0,0,0,0,0,0,0,0,0,0,0,0,0,0,0,0,0,0,0,0,0,0,0,0,0,0,0,0.179,4.77e-4,5.35e-8,1.98e-8,0.083,7.75e-5,2.79e-7,1.04e-7,0.07,2.61e-5,4.57e-9,1.7e-9,0.354,1.32e-4,2.31e-8,8.59e-9,0,0,0,0,0,0,0,0,0,0,0,0,0,0,0,0,0,0,0.0219002,3.97002e-6,1.47518e-6
34-1,0,0,0,0,0,0,0,0,0,0,0,0,0,0,0,0,3.532,0.00132,2.24e-7,8.32e-8,0,0,0,0,0,0,0,0,0,0,0,0,0,0,0,0,0,0,0,0,0,0,0,0,0,0,0,0,0,0,0,0,0,0,0,0,0.14,3.73e-4,4.18e-8,1.55e-8,0,0,0,0,0,0,0,0,0,0,0,0,0,0,0,0,0,0,0,0,0,0,0,0,0,0,0,0,0,0,0.001693,2.658e-7,9.87e-8
37-2,0,0,0,0,0,0,0,0,0,0,0,0,0,0,0,0,3.082,0.00115,1.96e-7,7.26e-8,0.039,1.46e-5,2.48e-9,9.19e-10,0,0,0,0,0,0,0,0,0,0,0,0,0.397,1.48e-4,2.59e-8,9.63e-9,0,0,0,0,0,0,0,0,0,0,0,0,0,0,0,0,0.329,8.77e-4,9.83e-8,3.65e-8,0.073,6.81e-5,2.45e-7,9.11e-8,0,0,0,0,0.139,5.19e-5,9.08e-9,3.37e-9,0.342,0.00128,3.79e-7,0,0,0,0,0,0,0.247,0.00355,1.56e-7,0,0,0,0,0,0,0.0071396,1.11176e-6,2.14119e-7
4,0,0,0,0,0,0,0,0,0,0,0,0,0,0,0,0,0.982,3.67e-4,6.23e-8,2.31e-8,0,0,0,0,0,0,0,0,0,0,0,0,0,0,0,0,0,0,0,0,0,0,0,0,0,0,0,0,0,0,0,0,0,0,0,0,0.086,2.29e-4,2.57e-8,9.54e-9,0,0,0,0,0,0,0,0,0,0,0,0,0,0,0,0,0,0,0,0,0,0,0,0,0,0,0,0,0,0,5.96e-4,8.8e-8,3.264e-8
41-1,0,0,0,0,0,0,0,0,0,0,0,0,0,0,0,0,0.519,1.94e-4,3.29e-8,1.22e-8,0,0,0,0,0,0,0,0,0,0,0,0,0,0,0,0,0,0,0,0,0,0,0,0,0,0,0,0,0,0,0,0,0,0,0,0,1.84,0.00491,5.5e-7,2.04e-7,0,0,0,0,0.066,2.46e-5,4.31e-9,1.6e-9,0.148,5.53e-5,9.67e-9,3.59e-9,0.16,5.97e-4,1.77e-7,0,0,0,0,0,0,0,0,0,0,0,0,0,0,0,0.0057809,7.7388e-7,2.2139e-7
46-1,0,0,0,0,0,0,0,0,0,0,0,0,0,0,0,0,1.402,5.23e-4,8.9e-8,3.3e-8,0,0,0,0,0,0,0,0,0,0,0,0,0,0,0,0,0.271,1.01e-4,1.77e-8,6.57e-9,0,0,0,0,0,0,0,0,0,0,0,0,0,0,0,0,0.183,4.88e-4,5.47e-8,2.03e-8,0.083,7.75e-5,2.79e-7,1.04e-7,0,0,0,0,0.03,1.12e-5,1.96e-9,7.28e-10,0,0,0,0,0,0,0,0,0,0,0,0,0,0,0,0,0,0,0.0012007,4.4236e-7,1.64598e-7
49-1,0,0,0,0,0,0,0,0,0,0,0,0,0,0,0,0,0.358,1.34e-4,2.27e-8,8.44e-9,0,0,0,0,0.073,4.54e-4,2.32e-7,8.6e-8,0,0,0,0,0,0,0,0,0,0,0,0,0,0,0,0,0,0,0,0,0,0,0,0,0,0,0,0,0,0,0,0,0.117,1.09e-4,3.93e-7,1.46e-7,0,0,0,0,0,0,0,0,0,0,0,0,0,0,0,0,0,0,0,0,0,0,0,0,0,0,6.97e-4,6.477e-7,2.4044e-7
53-1,0,0,0,0,0,0,0,0,0,0,0,0,0.211,7.88e-5,9.45e-9,3.51e-9,52.572,0.0196,3.34e-6,1.24e-6,4.37,0.00163,2.77e-7,1.03e-7,0,0,0,0,0,0,0,0,0,0,0,0,4.47,0.00167,2.92e-7,1.08e-7,0,0,0,0,1.79,5.57e-4,6.01e-7,2.23e-7,0,0,0,0,0,0,0,0,3.61,0.00963,1.08e-6,4e-7,7.22,0.00674,2.43e-5,9.01e-6,0.162,6.05e-5,1.06e-8,3.93e-9,2.73,0.00102,1.78e-7,6.62e-8,1.103,0.00412,1.22e-6,0,0,0,0,0,0,0.841,0.0121,5.3e-7,0,0,0,0,0,0,0.0572063,3.183805e-5,1.115764e-5
57-1,0,0,0,0,0,0,0,0,0,0,0,0,0.257,9.6e-5,1.15e-8,4.27e-9,14.671999999999999,0.00548,9.31e-7,3.46e-7,2.3,8.59e-4,1.46e-7,5.42e-8,0,0,0,0,0,0,0,0,0,0,0,0,0.534,1.99e-4,3.49e-8,1.3e-8,0,0,0,0,0,0,0,0,0,0,0,0,0,0,0,0,0.725,0.00193,2.17e-7,8.04e-8,0.159,1.48e-4,5.34e-7,1.98e-7,0.065,2.43e-5,4.25e-9,1.58e-9,0.414,1.55e-4,2.7e-8,1e-8,0.42200000000000004,0.00158,4.68e-7,0,0,0,0,0,0,0.227,0.00326,1.43e-7,0,0,0,0,0,0,0.0137313,2.51665e-6,7.0745e-7
58-1,0,0,0,0,0,0,0,0,0,0,0,0,0,0,0,0,0.263,9.82e-5,1.67e-8,6.2e-9,0,0,0,0,0,0,0,0,0,0,0,0,0,0,0,0,0,0,0,0,0,0,0,0,0,0,0,0,0,0,0,0,0,0,0,0,0.132,3.52e-4,3.94e-8,1.46e-8,0,0,0,0,0,0,0,0,0,0,0,0,0,0,0,0,0,0,0,0,0,0,0,0,0,0,0,0,0,0,4.502e-4,5.6100000000000006e-8,2.08e-8
6,0,0,0,0,0,0,0,0,0,0,0,0,0.121,4.52e-5,5.42e-9,2.01e-9,1.472,5.5e-4,9.34e-8,3.47e-8,0,0,0,0,0,0,0,0,0,0,0,0,0,0,0,0,0,0,0,0,0,0,0,0,0,0,0,0,0,0,0,0,0,0,0,0,0.096,2.56e-4,2.87e-8,1.06e-8,0,0,0,0,0,0,0,0,0.044,1.64e-5,2.87e-9,1.07e-9,0,0,0,0,0,0,0,0,0,0,0,0,0,0,0,0,0,0,8.676000000000001e-4,1.3039e-7,4.838e-8
62-3,0,0,0,0,0,0,0,0,0,0,0,0,0,0,0,0,0.906,3.38e-4,5.75e-8,2.13e-8,0,0,0,0,0,0,0,0,0,0,0,0,0,0,0,0,0,0,0,0,0,0,0,0,0,0,0,0,0,0,0,0,0,0,0,0,0,0,0,0,0.255,2.38e-4,8.57e-7,3.18e-7,0,0,0,0,0.167,6.24e-5,1.09e-8,4.05e-9,0.078,2.91e-4,8.65e-8,0,0,0,0,0,0,0,0,0,0,0,0,0,0,0,9.294e-4,1.0119e-6,3.4335e-7
64-1,0,0,0,0,0,0,0,0,0,0,0,0,0,0,0,0,2.53,9.45e-4,1.61e-7,5.96e-8,0,0,0,0,0,0,0,0,0,0,0,0,0,0,0,0,0,0,0,0,0,0,0,0,0,0,0,0,0,0,0,0,0,0,0,0,2.35,0.00627,7.02e-7,2.61e-7,0.306,2.86e-4,1.03e-6,3.82e-7,0,0,0,0,0,0,0,0,0,0,0,0,0,0,0,0,0,0,0,0,0,0,0,0,0,0,0.007501000000000001,1.8930000000000001e-6,7.026000000000001e-7
69-1,0,0,0,0,0,0,0,0,0,0,0,0,0,0,0,0,2.15,8.03e-4,1.36e-7,5.07e-8,0,0,0,0,0,0,0,0,0,0,0,0,0,0,0,0,0,0,0,0,0,0,0,0,0,0,0,0,0,0,0,0,0,0,0,0,0.157,4.19e-4,4.69e-8,1.74e-8,0.593,5.53e-4,1.99e-6,7.4e-7,0,0,0,0,0.13,4.85e-5,8.49e-9,3.15e-9,0,0,0,0,0,0,0,0,0,0,0,0,0,0,0,0,0,0,0.0018235,2.18139e-6,8.1125e-7
7,0,0,0,0,0,0,0,0,0,0,0,0,0,0,0,0,1.192,4.45e-4,7.57e-8,2.81e-8,0,0,0,0,0,0,0,0,0,0,0,0,0,0,0,0,0,0,0,0,0,0,0,0,0,0,0,0,0,0,0,0,0,0,0,0,0,0,0,0,0.078,7.28e-5,2.62e-7,9.73e-8,0,0,0,0,0,0,0,0,0,0,0,0,0,0,0,0,0,0,0,0,0,0,0,0,0,0,5.178e-4,3.3769999999999996e-7,1.254e-7
70-1,0,0,0,0,0,0,0,0,0,0,0,0,0.054,2.02e-5,2.42e-9,8.98e-10,11.7,0.00437,7.43e-7,2.76e-7,0,0,0,0,0,0,0,0,0,0,0,0,0,0,0,0,0,0,0,0,0,0,0,0,0,0,0,0,0,0,0,0,0,0,0,0,0.131,3.49e-4,3.91e-8,1.45e-8,0.371,3.46e-4,1.25e-6,4.63e-7,0,0,0,0,0,0,0,0,0.105,3.92e-4,1.16e-7,0,0,0,0,0,0,0,0,0,0,0,0,0,0,0,0.0054772,2.15052e-6,7.54398e-7
72-1,0,0,0,0,0,0,0,0,0,0,0,0,1.6,5.97e-4,7.17e-8,2.66e-8,21.8,0.00814,1.38e-6,5.14e-7,0.805,3.01e-4,5.11e-8,1.9e-8,0,0,0,0,0,0,0,0,0,0,0,0,1.56,5.82e-4,1.02e-7,3.78e-8,0,0,0,0,0,0,0,0,0,0,0,0,0,0,0,0,0.541,0.00144,1.62e-7,6e-8,0.358,3.34e-4,1.2e-6,4.47e-7,0.08,2.99e-5,5.23e-9,1.94e-9,0.77,2.87e-4,5.03e-8,1.87e-8,0.298,0.00111,3.3e-7,0,0,0,0,0,0,0.304,0.00437,1.92e-7,0,0,0,0,0,0,0.0171909,3.54433e-6,1.12504e-6
74-1,0,0,0,0,0,0,0,0,0,0,0,0,0,0,0,0,5.57,0.00208,3.54e-7,1.31e-7,0,0,0,0,0,0,0,0,0,0,0,0,0,0,0,0,0,0,0,0,0,0,0,0,0,0,0,0,0,0,0,0,0,0,0,0,0.186,4.96e-4,5.56e-8,2.06e-8,0.406,3.79e-4,1.36e-6,5.06e-7,0,0,0,0,0.12,4.48e-5,7.84e-9,2.91e-9,0.081,3.02e-4,8.98e-8,0,0,0,0,0,0,0,0,0,0,0,0,0,0,0,0.0033017999999999997,1.86724e-6,6.6051e-7
77-1,0,0,0,0,0,0,0,0,0,0,0,0,0.274,1.02e-4,1.23e-8,4.56e-9,59.3,0.0221,3.76e-6,1.4e-6,0.177,6.61e-5,1.12e-8,4.17e-9,0,0,0,0,0,0,0,0,0,0,0,0,0.582,2.17e-4,3.8e-8,1.41e-8,0,0,0,0,0,0,0,0,0,0,0,0,0,0,0,0,0.492,0.00131,1.47e-7,5.46e-8,0,0,0,0,0,0,0,0,0,0,0,0,0.215,8.03e-4,2.38e-7,0,0,0,0,0,0,0,0,0,0,0,0,0,0,0,0.0245981,4.2065e-6,1.47743e-6
8,0,0,0,0,0,0,0,0,0,0,0,0,0,0,0,0,0.595,2.22e-4,3.78e-8,1.4e-8,0,0,0,0,0.105,6.53e-4,3.33e-7,1.24e-7,0,0,0,0,0,0,0,0,0,0,0,0,0,0,0,0,0,0,0,0,0.122,0.0285,2.51e-8,9.3e-9,0,0,0,0,0,0,0,0,0,0,0,0,0,0,0,0,0,0,0,0,0,0,0,0,0,0,0,0,0,0,0,0,0,0,0,0,0,0,0.029375000000000002,3.959e-7,1.473e-7
82-1,0,0,0,0,0,0,0,0,0,0,0,0,0,0,0,0,13.3,0.00497,8.44e-7,3.13e-7,0,0,0,0,0,0,0,0,0,0,0,0,0,0,0,0,0,0,0,0,0,0,0,0,0,0,0,0,0,0,0,0,0,0,0,0,0.808,0.00215,2.41e-7,8.96e-8,0,0,0,0,0,0,0,0,0.211,7.88e-5,1.38e-8,5.12e-9,0.221,8.25e-4,2.45e-7,0,0,0,0,0,0,0,0,0,0,0,0,0,0,0,0.0080238,1.3438e-6,4.0772e-7
84-1,0.753,2.81e-4,3.37e-8,1.25e-8,0.107,3.99e-5,6.79e-9,2.52e-9,0.761,2.84e-4,4.83e-8,1.79e-8,8.62,0.00322,3.86e-7,1.43e-7,79.8,0.0298,5.06e-6,1.88e-6,14.2,0.0053,9.01e-7,3.35e-7,0,0,0,0,0,0,0,0,0,0,0,0,0,0,0,0,0,0,0,0,0.422,1.31e-4,1.42e-7,5.26e-8,0,0,0,0,0,0,0,0,1.68,0.00448,5.02e-7,1.86e-7,0,0,0,0,0,0,0,0,0.195,7.28e-5,1.27e-8,4.73e-9,8.07,0.0301,8.95e-6,0,0.588,3.66e-4,0,0.519,0,0.689,0.00989,4.35e-7,0,0,0,0,0,0,0.0839647,1.6477490000000002e-5,2.63425e-6
86-1,0,0,0,0,0,0,0,0,0,0,0,0,0,0,0,0,0.992,3.7e-4,6.3e-8,2.34e-8,0,0,0,0,0,0,0,0,0,0,0,0,0,0,0,0,0,0,0,0,0,0,0,0,0,0,0,0,0.312,0.0728,6.41e-8,2.38e-8,0,0,0,0,0.107,2.85e-4,3.2e-8,1.19e-8,0,0,0,0,0,0,0,0,0,0,0,0,0,0,0,0,0,0,0,0,0,0,0,0,0,0,0,0,0,0,0.073455,1.591e-7,5.9100000000000006e-8
87-1,0,0,0,0,0,0,0,0,0,0,0,0,0,0,0,0,1.99,7.43e-4,1.26e-7,4.69e-8,0,0,0,0,0,0,0,0,0,0,0,0,0,0,0,0,0,0,0,0,0,0,0,0,0,0,0,0,0,0,0,0,0,0,0,0,0.097,2.59e-4,2.9e-8,1.08e-8,0.344,3.21e-4,1.16e-6,4.29e-7,0,0,0,0,0.101,3.77e-5,6.6e-9,2.45e-9,0,0,0,0,0,0,0,0,0,0,0,0,0,0,0,0,0,0,0.0013607,1.3216e-6,4.8915e-7
89-1,0,0,0,0,0,0,0,0,0,0,0,0,0.13,4.85e-5,5.82e-9,2.16e-9,30.7,0.0115,1.95e-6,7.23e-7,9.07,0.00339,5.76e-7,2.14e-7,0,0,0,0,0,0,0,0,0,0,0,0,1.81,6.76e-4,1.18e-7,4.39e-8,0,0,0,0,0,0,0,0,0,0,0,0,0,0,0,0,0.318,8.48e-4,9.5e-8,3.53e-8,0.438,4.09e-4,1.47e-6,5.46e-7,0,0,0,0,0.385,1.44e-4,2.52e-8,9.34e-9,0.14,5.23e-4,1.55e-7,0,0,0,0,0,0,1.07,0.0154,6.75e-7,0,0,0,0,0,0,0.0329385,5.0700199999999994e-6,1.5737e-6
9,0,0,0,0,0,0,0,0,0,0,0,0,0.077,2.87e-5,3.45e-9,1.28e-9,67.07199999999999,0.025,4.26e-6,1.58e-6,0.401,1.5e-4,2.55e-8,9.45e-9,0,0,0,0,0,0,0,0,0,0,0,0,0,0,0,0,0,0,0,0,0,0,0,0,0,0,0,0,0,0,0,0,0.126,3.36e-4,3.76e-8,1.4e-8,0.088,8.21e-5,2.96e-7,1.1e-7,0,0,0,0,0.218,8.14e-5,1.42e-8,5.29e-9,0,0,0,0,0,0,0,0,0,0,0,0,0,0,0,0,0,0,0.0256782,4.63675e-6,1.72002e-6
94-3,0,0,0,0,0,0,0,0,0,0,0,0,2.67,9.97e-4,1.2e-7,4.44e-8,13.2,0.00493,8.38e-7,3.11e-7,0,0,0,0,0,0,0,0,0,0,0,0,0,0,0,0,0,0,0,0,0,0,0,0,0,0,0,0,0,0,0,0,0,0,0,0,0.286,7.63e-4,8.54e-8,3.17e-8,0,0,0,0,0,0,0,0,0,0,0,0,0.104,3.88e-4,1.15e-7,0,0,0,0,0,0,0,0,0,0,0,0,0,0,0,0.007078,1.1584e-6,3.871e-7
95-1,0,0,0,0,0,0,0,0,0,0,0,0,0.103,3.85e-5,4.61e-9,1.71e-9,2.61,9.74e-4,1.66e-7,6.15e-8,0,0,0,0,0,0,0,0,0,0,0,0,0,0,0,0,0,0,0,0,0,0,0,0,0,0,0,0,0,0,0,0,0,0,0,0,0.262,6.99e-4,7.83e-8,2.91e-8,0,0,0,0,0,0,0,0,0.105,3.92e-5,6.86e-9,2.55e-9,0.213,7.95e-4,2.36e-7,0,0,0,0,0,0,0,0,0,0,0,0,0,0,0,0.0025457,4.9177e-7,9.486e-8
96-2,0,0,0,0,0,0,0,0,0,0,0,0,0,0,0,0,1.52,5.68e-4,9.65e-8,3.58e-8,0,0,0,0,0,0,0,0,0,0,0,0,0,0,0,0,0,0,0,0,0,0,0,0,0,0,0,0,0,0,0,0,0,0,0,0,0.159,4.24e-4,4.75e-8,1.76e-8,0,0,0,0,0,0,0,0,0.083,3.1e-5,5.42e-9,2.01e-9,0,0,0,0,0,0,0,0,0,0,0,0,0,0,0,0,0,0,0.001023,1.4942e-7,5.5410000000000004e-8
98-1,0,0,0,0,0,0,0,0,0,0,0,0,0,0,0,0,0.313,1.17e-4,1.99e-8,7.37e-9,0,0,0,0,0,0,0,0,0,0,0,0,0,0,0,0,0,0,0,0,0,0,0,0,0,0,0,0,0,0,0,0,0,0,0,0,0,0,0,0,1.49,0.00139,5.01e-6,1.86e-6,0,0,0,0,0,0,0,0,0,0,0,0,0,0,0,0,0,0,0,0,0,0,0,0,0,0,0.0015069999999999999,5.0299e-6,1.86737e-6
998-1,0,0,0,0,0,0,0,0,0,0,0,0,0,0,0,0,1.31,4.89e-4,8.31e-8,3.09e-8,0,0,0,0,0,0,0,0,0,0,0,0,0,0,0,0,0,0,0,0,0,0,0,0,0,0,0,0,0,0,0,0,0,0,0,0,1.21,0.00323,3.61e-7,1.34e-7,0.102,9.52e-5,3.43e-7,1.27e-7,0,0,0,0,0.089,3.32e-5,5.82e-9,2.16e-9,0,0,0,0,0,0,0,0,0,0,0,0,0,0,0,0,0,0,0.0038474,7.9292e-7,2.9406000000000003e-7
999-1,0,0,0,0,0,0,0,0,0,0,0,0,0.069,2.58e-5,3.09e-9,1.15e-9,13,0.00485,8.25e-7,3.06e-7,0,0,0,0,0,0,0,0,0.772,2.88e-4,5.04e-8,1.87e-8,0.183,6.83e-5,1.2e-8,4.44e-9,5.03,0.00188,3.29e-7,1.22e-7,0,0,0,0,0,0,0,0,0,0,0,0,0,0,0,0,0.236,6.29e-4,7.05e-8,2.62e-8,0,0,0,0,0.616,2.3e-4,4.02e-8,1.49e-8,4.21,0.00157,2.75e-7,1.02e-7,4.78,0.0178,5.3e-6,0,0,0,0,0,0,2.47,0.0355,1.56e-6,0,0,0,0,0,0,0.0628411,8.465190000000001e-6,5.9539e-7
CTABD01,0,0,0,0,0,0,0,0,0,0,0,0,0.057,2.13e-5,2.55e-9,9.48e-10,7.74,0.00289,4.91e-7,1.82e-7,0,0,0,0,0,0,0,0,0,0,0,0,0,0,0,0,0,0,0,0,0,0,0,0,0,0,0,0,0.208,0.0485,4.27e-8,1.59e-8,0,0,0,0,1.32,0.00352,3.94e-7,1.46e-7,0.229,2.14e-4,7.69e-7,2.86e-7,0,0,0,0,0.092,3.43e-5,6.01e-9,2.23e-9,0,0,0,0,0,0,0,0,0,0,0,0,0,0,0,0,0,0,0.0551796,1.70526e-6,6.330779999999999e-7
CTABD02,0,0,0,0,0,0,0,0,0,0,0,0,0.862,3.22e-4,3.86e-8,1.43e-8,5.27,0.00197,3.34e-7,1.24e-7,0.578,2.16e-4,3.67e-8,1.36e-8,0,0,0,0,0.238,8.89e-5,1.56e-8,5.77e-9,0,0,0,0,0.762,2.84e-4,4.98e-8,1.85e-8,0,0,0,0,0,0,0,0,0,0,0,0,0,0,0,0,1.32,0.00352,3.94e-7,1.46e-7,0,0,0,0,0.454,1.7e-4,2.97e-8,1.1e-8,1.32,4.93e-4,8.62e-8,3.2e-8,1.49,0.00556,1.65e-6,0,0,0,0,0,0,0.755,0.0108,4.76e-7,0,0,0,0,0,0,0.0234239,3.1106e-6,3.6517000000000003e-7
CTABD03,0,0,0,0,0,0,0,0,0,0,0,0,0,0,0,0,9.7,0.00362,6.16e-7,2.29e-7,0,0,0,0,0,0,0,0,0,0,0,0,0,0,0,0,0,0,0,0,0,0,0,0,0,0,0,0,0,0,0,0,0,0,0,0,0,0,0,0,0.184,1.72e-4,6.18e-7,2.3e-7,0,0,0,0,0.043,1.61e-5,2.81e-9,1.04e-9,0,0,0,0,0,0,0,0,0,0,0,0,0,0,0,0,0,0,0.0038081,1.23681e-6,4.6004e-7
CTAGWT1,0,0,0,0,0,0,0,0,0,0,0,0,0,0,0,0,5.16,0.00193,3.28e-7,1.22e-7,0,0,0,0,0,0,0,0,0,0,0,0,0,0,0,0,0,0,0,0,0,0,0,0,0,0,0,0,0.233,0.0544,4.78e-8,1.78e-8,0,0,0,0,0.632,0.00169,1.89e-7,7.01e-8,0,0,0,0,0.049,1.83e-5,3.2e-9,1.19e-9,0.424,1.58e-4,2.77e-8,1.03e-8,0.287,0.00107,3.18e-7,0,0,0,0,0,0,0,0,0,0,0,0,0,0,0,0.059266299999999994,9.137e-7,2.2139e-7
CTCAG01,0,0,0,0,0,0,0,0,0,0,0,0,8.87,0.00331,3.97e-7,1.48e-7,36.6,0.0137,2.32e-6,8.62e-7,9.29,0.00347,5.9e-7,2.19e-7,0,0,0,0,0,0,0,0,0,0,0,0,0,0,0,0,0,0,0,0,0,0,0,0,0,0,0,0,0,0,0,0,0.143,3.81e-4,4.27e-8,1.59e-8,0,0,0,0,0.394,1.47e-4,2.57e-8,9.56e-9,0.636,2.37e-4,4.16e-8,1.54e-8,0.666,0.00249,7.38e-7,0,0,0,0,0,0,0.531,0.00763,3.35e-7,0,0,0,0,0,0,0.031365,4.489999999999999e-6,1.2698599999999999e-6
CTCAG02,0,0,0,0,0,0,0,0,0,0,0,0,1.3,4.85e-4,5.82e-8,2.16e-8,4.64,0.00173,2.95e-7,1.09e-7,0.204,7.62e-5,1.29e-8,4.81e-9,0,0,0,0,0,0,0,0,0,0,0,0,0,0,0,0,0,0,0,0,0,0,0,0,0,0,0,0,0,0,0,0,0.269,7.17e-4,8.03e-8,2.98e-8,0,0,0,0,0,0,0,0,0,0,0,0,0,0,0,0,0,0,0,0,0,0,0,0,0,0,0,0,0,0,0.0030082,4.464e-7,1.6521e-7
CTCAG03,0,0,0,0,0,0,0,0,0,0,0,0,0.308,1.15e-4,1.38e-8,5.12e-9,14.9,0.00556,9.46e-7,3.51e-7,0.249,9.3e-5,1.58e-8,5.87e-9,0,0,0,0,0,0,0,0,0,0,0,0,0,0,0,0,0,0,0,0,0,0,0,0,0,0,0,0,0,0,0,0,0.295,7.87e-4,8.81e-8,3.27e-8,0,0,0,0,0.18,6.72e-5,1.18e-8,4.37e-9,0.305,1.14e-4,1.99e-8,7.4e-9,0.24,8.96e-4,2.66e-7,0,0,0,0,0,0,0,0,0,0,0,0,0,0,0,0.0076322,1.3614e-6,4.0646e-7
CTMALL1,0,0,0,0,0,0,0,0,0,0,0,0,0,0,0,0,1.38,5.15e-4,8.76e-8,3.25e-8,0,0,0,0,0,0,0,0,0,0,0,0,0,0,0,0,0.981,3.66e-4,6.41e-8,2.38e-8,0,0,0,0,0,0,0,0,0,0,0,0,0,0,0,0,0.327,8.72e-4,9.77e-8,3.63e-8,0,0,0,0,0.063,2.35e-5,4.12e-9,1.53e-9,0.365,1.36e-4,2.38e-8,8.85e-9,0.223,8.33e-4,2.47e-7,0,0,0,0,0,0,0,0,0,0,0,0,0,0,0,0.0027455,5.243199999999999e-7,1.0298e-7
CTMALL2,0,0,0,0,0,0,0,0,0,0,0,0,0.034,1.27e-5,1.52e-9,5.65e-10,2.11,7.88e-4,1.34e-7,4.97e-8,0.051,1.9e-5,3.24e-9,1.2e-9,0,0,0,0,0,0,0,0,0,0,0,0,0.968,3.61e-4,6.32e-8,2.35e-8,0,0,0,0,0,0,0,0,0.193,0.045,3.96e-8,1.47e-8,0,0,0,0,0.401,0.00107,1.2e-7,4.45e-8,0,0,0,0,0.07,2.61e-5,4.57e-9,1.7e-9,0.546,2.04e-4,3.57e-8,1.32e-8,0.305,0.00114,3.38e-7,0,0,0,0,0,0,0,0,0,0,0,0,0,0,0,0.0486208,7.3983e-7,1.49065e-7
CTMALL3,0,0,0,0,0,0,0,0,0,0,0,0,0,0,0,0,1.12,4.18e-4,7.11e-8,2.64e-8,0,0,0,0,0,0,0,0,0,0,0,0,0,0,0,0,0,0,0,0,0,0,0,0,0,0,0,0,0,0,0,0,0,0,0,0,0.153,4.08e-4,4.57e-8,1.7e-8,0,0,0,0,0,0,0,0,0,0,0,0,0,0,0,0,0,0,0,0,0,0,0,0,0,0,0,0,0,0,8.26e-4,1.1679999999999999e-7,4.3400000000000005e-8
CTWOD01,0,0,0,0,0,0,0,0,0,0,0,0,0,0,0,0,7.26,0.00271,4.61e-7,1.71e-7,0,0,0,0,0,0,0,0,0,0,0,0,0,0,0,0,0,0,0,0,0,0,0,0,0,0,0,0,0,0,0,0,0,0,0,0,0,0,0,0,0,0,0,0,0,0,0,0,0,0,0,0,0,0,0,0,0,0,0,0,0,0,0,0,0,0,0,0,0,0,0.00271,4.61e-7,1.71e-7
CTWOD02,0,0,0,0,0,0,0,0,0,0,0,0,0.04,1.49e-5,1.79e-9,6.65e-10,4.83,0.0018,3.07e-7,1.14e-7,0.069,2.58e-5,4.38e-9,1.63e-9,0,0,0,0,0,0,0,0,0,0,0,0,0.838,3.13e-4,5.48e-8,2.03e-8,0,0,0,0,0,0,0,0,0,0,0,0,0,0,0,0,0,0,0,0,0,0,0,0,0,0,0,0,0.208,7.77e-5,1.36e-8,5.04e-9,0.202,7.54e-4,2.24e-7,0,0,0,0,0,0,0,0,0,0,0,0,0,0,0,0.0029854,6.0557e-7,1.41635e-7
MC-2,0,0,0,0,0,0,0,0,0.011,4.11e-6,6.98e-10,2.59e-10,0.065,2.43e-5,2.91e-9,1.08e-9,16.7,0.00624,1.06e-6,3.93e-7,0.08,2.99e-5,5.08e-9,1.88e-9,0,0,0,0,0,0,0,0,0,0,0,0,1.58,5.9e-4,1.03e-7,3.83e-8,0,0,0,0,0,0,0,0,0,0,0,0,0,0,0,0,0.155,4.13e-4,4.63e-8,1.72e-8,0.136,1.27e-4,4.57e-7,1.7e-7,0,0,0,0,0.8,2.99e-4,5.23e-8,1.94e-8,0.591,0.00221,6.55e-7,0,0,0,0,0,0,0,0,0,0,0,0,0,0,0,0.00993731,2.382288e-6,6.41119e-7
NJ_ABDU_01_AD,0,0,0,0,0,0,0,0,0,0,0,0,0.154,5.75e-5,6.9e-9,2.56e-9,13.9,0.00519,8.82e-7,3.28e-7,0.047,1.75e-5,2.98e-9,1.11e-9,0,0,0,0,0,0,0,0,0,0,0,0,1.48,5.53e-4,9.67e-8,3.59e-8,0,0,0,0,0.782,2.43e-4,2.63e-7,9.75e-8,0.212,0.0495,4.35e-8,1.62e-8,0,0,0,0,3.93,0.0105,1.17e-6,4.36e-7,0.217,2.03e-4,7.29e-7,2.71e-7,0.178,6.65e-5,1.16e-8,4.32e-9,0.666,2.49e-4,4.35e-8,1.62e-8,1.2,0.00448,1.33e-6,0,0,0,0,0,0,0.636,0.00913,4.01e-7,0,0,0,0,0,0,0.0801895,4.98018e-6,1.20879e-6
NJ_ABDU_02_LC,0,0,0,0,0,0,0,0,0,0,0,0,0,0,0,0,2.98,0.00111,1.89e-7,7.02e-8,0,0,0,0,0,0,0,0,0,0,0,0,0,0,0,0,0,0,0,0,0,0,0,0,0,0,0,0,0.198,0.0462,4.07e-8,1.51e-8,0,0,0,0,0,0,0,0,0,0,0,0,0,0,0,0,0.026,9.71e-6,1.7e-9,6.31e-10,0,0,0,0,0,0,0,0,0,0,0,0,0,0,0,0,0,0,0.04731971,2.3140000000000002e-7,8.5931e-8
NJ_ABDU_30_AD,0,0,0,0,0,0,0,0,0.072,2.69e-5,4.57e-9,1.7e-9,0.382,1.43e-4,1.71e-8,6.35e-9,24.7,0.00922,1.57e-6,5.82e-7,0.339,1.27e-4,2.15e-8,7.99e-9,0,0,0,0,0.471,1.76e-4,3.08e-8,1.14e-8,0.076,2.84e-5,4.97e-9,1.84e-9,3.87,0.00144,2.53e-7,9.39e-8,0,0,0,0,0.418,1.3e-4,1.4e-7,5.2100000000000003e-08,0.143,0.0334,2.94e-8,1.09e-8,0,0,0,0,2.02,0.00539,6.03e-7,2.24e-7,0.197,1.84e-4,6.62e-7,2.46e-7,1.5990000000000002,5.97e-4,1.04e-7,3.88e-8,5.68,0.00212,3.71e-7,1.38e-7,2.202,0.00822,2.44e-6,0,0,0,0,0,0,2.05,0.0294,1.29e-6,0,0,0,0,0,0,0.0906023,7.5413399999999995e-6,1.41498e-6
NJ_AGWT_01_AD,0,0,0,0,0.035,1.31e-5,2.22e-9,8.25e-10,0.099,3.7e-5,6.28e-9,2.33e-9,0.742,2.77e-4,3.32e-8,1.23e-8,31.2,0.0116,1.98e-6,7.35e-7,0.895,3.34e-4,5.68e-8,2.11e-8,0,0,0,0,0.742,2.77e-4,4.85e-8,1.8e-8,0.223,8.33e-5,1.46e-8,5.41e-9,2.72,0.00102,1.78e-7,6.6e-8,0,0,0,0,0,0,0,0,0,0,0,0,0,0,0,0,1.44,0.00384,4.3e-7,1.6e-7,0.181,1.69e-4,6.08e-7,2.26e-7,1.7990000000000002,6.72e-4,1.18e-7,4.36e-8,5.57,0.00208,3.64e-7,1.35e-7,6.662000000000001,0.0249,7.39e-6,0,0,0,0,0,0,1.88,0.027,1.19e-6,0,0,0,0,0,0,0.0723024,1.24196e-5,1.425565e-6
NJ_AGWT_01_LC,0,0,0,0,0,0,0,0,0,0,0,0,1.14,4.26e-4,5.11e-8,1.9e-8,84.5,0.0315,5.36e-6,1.99e-6,0.605,2.26e-4,3.84e-8,1.43e-8,0,0,0,0,0,0,0,0,0,0,0,0,0,0,0,0,0,0,0,0,0,0,0,0,0,0,0,0,0,0,0,0,0.595,0.00159,1.78e-7,6.6e-8,0.345,3.22e-4,1.16e-6,4.3e-7,0.16899999999999998,6.31e-5,1.1e-8,4.1e-9,0.408,1.52e-4,2.67e-8,9.9e-9,0.421,0.00157,4.67e-7,0,0,0,0,0,0,0.201,0.00289,1.27e-7,0,0,0,0,0,0,0.0387391,7.4192e-6,2.5333e-6
NJ_CAGO_01_AD,0,0,0,0,0,0,0,0,0.078,2.91e-5,4.95e-9,1.84e-9,1.42,5.3e-4,6.36e-8,2.36e-8,10.8,0.00403,6.85e-7,2.54e-7,2.42,9.04e-4,1.54e-7,5.7e-8,0,0,0,0,0,0,0,0,0,0,0,0,0,0,0,0,0,0,0,0,0,0,0,0,0,0,0,0,0,0,0,0,0.469,0.00125,1.4e-7,5.2e-8,0,0,0,0,0.259,9.67e-5,1.69e-8,6.28e-9,0.529,1.98e-4,3.46e-8,1.28e-8,0.426,0.00159,4.72e-7,0,0,0,0,0,0,0.176,0.00253,1.11e-7,0,0,0,0,0,0,0.0111578,1.68205e-6,4.0752000000000004e-7
NJ_CAGO_30_AD,0,0,0,0,0,0,0,0,0,0,0,0,0,0,0,0,6.14,0.00229,3.9e-7,1.45e-7,0.068,2.54e-5,4.32e-9,1.6e-9,0,0,0,0,0,0,0,0,0,0,0,0,0.23,8.59e-5,1.5e-8,5.58e-9,0,0,0,0,0,0,0,0,0,0,0,0,0,0,0,0,0.288,7.68e-4,8.6e-8,3.19e-8,0,0,0,0,0.05700000000000001,2.13e-5,3.72e-9,1.38e-9,0.179,6.68e-5,1.17e-8,4.34e-9,0.514,0.00192,5.7e-7,0,0,0,0,0,0,0.23,0.0033,1.45e-7,0,0,0,0,0,0,0.0084774,1.22574e-6,1.898e-7
NJ_MALL_01_AD,0,0,0,0,0,0,0,0,0,0,0,0,0.146,5.45e-5,6.54e-9,2.43e-9,2.62,9.78e-4,1.66e-7,6.17e-8,0.05,1.87e-5,3.17e-9,1.18e-9,0,0,0,0,0,0,0,0,0,0,0,0,0,0,0,0,0,0,0,0,0,0,0,0,0,0,0,0,0,0,0,0,0.349,9.31e-4,1.04e-7,3.87e-8,0,0,0,0,0,0,0,0,0.059,2.2e-5,3.85e-9,1.43e-9,0.10300000000000001,3.85e-4,1.14e-7,0,0,0,0,0,0,0,0,0,0,0,0,0,0,0,0.0023891999999999997,3.9756e-7,1.0544000000000001e-7
NJ_MALL_10_AD,0,0,0,0,0,0,0,0,0.014,5.23e-6,8.89e-10,3.3e-10,0.226,8.44e-5,1.01e-8,3.76e-9,47.7,0.0178,3.03e-6,1.12e-6,0.163,6.09e-5,1.03e-8,3.84e-9,0,0,0,0,0,0,0,0,0,0,0,0,1.29,4.82e-4,8.43e-8,3.13e-8,0,0,0,0,0,0,0,0,0,0,0,0,0,0,0,0,0.156,4.16e-4,4.66e-8,1.73e-8,0.175,1.63e-4,5.88e-7,2.18e-7,0.20299999999999999,7.58e-5,1.33e-8,4.92e-9,0.771,2.88e-4,5.04e-8,1.87e-8,0.32699999999999996,0.00122,3.63e-7,0,0,0,0,0,0,0.229,0.00329,1.44e-7,0,0,0,0,0,0,0.02388533,4.340889e-6,1.4181500000000001e-6
NJ_MALL_11_AD,0,0,0,0,0,0,0,0,0,0,0,0,0.329,1.23e-4,1.47e-8,5.47e-9,14.1,0.00526,8.95e-7,3.32e-7,2,7.47e-4,1.27e-7,4.71e-8,0,0,0,0,0.101,3.77e-5,6.6e-9,2.45e-9,0,0,0,0,1.89,7.06e-4,1.23e-7,4.58e-8,0,0,0,0,0,0,0,0,0,0,0,0,0,0,0,0,2.08,0.00555,6.21e-7,2.31e-7,0,0,0,0,0.205,7.65e-5,1.34e-8,4.97e-9,1.71,6.38e-4,1.12e-7,4.15e-8,0.9109999999999999,0.0034,1.01e-6,0,0,0,0,0,0,0.845,0.0121,5.33e-7,0,0,0,0,0,0,0.0286382,3.4557000000000002e-6,7.1029e-7
NJ_MALL_30_AD,0,0,0,0,0,0,0,0,0,0,0,0,0.225,8.4e-5,1.01e-8,3.74e-9,30.1,0.0112,1.91e-6,7.09e-7,3.36,0.00125,2.13e-7,7.92e-8,0,0,0,0,0.339,1.27e-4,2.21e-8,8.22e-9,0,0,0,0,1.63,6.09e-4,1.06e-7,3.95e-8,0,0,0,0,0,0,0,0,0,0,0,0,0,0,0,0,0.705,0.00188,2.11e-7,7.82e-8,0.32,2.99e-4,1.08e-6,3.99e-7,0.6789999999999999,2.54e-4,4.44e-8,1.65e-8,1.94,7.24e-4,1.27e-7,4.71e-8,1.8619999999999999,0.00695,2.06e-6,0,0,0,0,0,0,0.436,0.00626,2.75e-7,0,0,0,0,0,0,0.029637,6.0586e-6,1.3804600000000001e-6
NJ_MALL_40_AD,0,0,0,0,0.044,1.64e-5,2.79e-9,1.04e-9,0.384,1.43e-4,2.44e-8,9.05e-9,3.94,0.00147,1.77e-7,6.55e-8,228,0.0851,1.45e-5,5.37e-6,5.51,0.00206,3.5e-7,1.3e-7,0.101,6.28e-4,3.21e-7,1.19e-7,3.98,0.00149,2.6e-7,9.65e-8,0.503,1.88e-4,3.29e-8,1.22e-8,43.6,0.0163,2.85e-6,1.06e-6,0,0,0,0,0,0,0,0,0,0,0,0,0,0,0,0,2.74,0.00731,8.18e-7,3.04e-7,1.18,0.0011,3.97e-6,1.47e-6,11.489,0.00429,7.51e-7,2.79e-7,41.6,0.0155,2.72e-6,1.01e-6,26.772000000000002,0.1,2.97e-5,0,0,0,0,0,0,8.22,0.118,5.18e-6,0,0,0,0,0,0,0.3535954,6.165709e-5,9.92629e-6
NJ_MALL_60_AD,0,0,0,0,0,0,0,0,0,0,0,0,0.321,1.2e-4,1.44e-8,5.34e-9,13.1,0.00489,8.31e-7,3.09e-7,0.162,6.05e-5,1.03e-8,3.82e-9,0,0,0,0,0,0,0,0,0,0,0,0,3.4,0.00127,2.22e-7,8.25e-8,0,0,0,0,0,0,0,0,0,0,0,0,0,0,0,0,0.532,0.00142,1.59e-7,5.9e-8,0.774,7.22e-4,2.6e-6,9.65e-7,0.635,2.37e-4,4.15e-8,1.54e-8,4.74,0.00177,3.1e-7,1.15e-7,7.462000000000001,0.0279,8.27e-6,0,0,0,0,0,0,25,0.359,1.58e-5,0,0,0,0,0,0,0.3973895,2.8258200000000003e-5,1.5550600000000001e-6
NJ_WODU_01_AD,0,0,0,0,0,0,0,0,0,0,0,0,0,0,0,0,1.06,3.96e-4,6.73e-8,2.5e-8,0,0,0,0,0,0,0,0,0,0,0,0,0,0,0,0,0,0,0,0,0,0,0,0,0,0,0,0,0.147,0.0343,3.02e-8,1.12e-8,0,0,0,0,0.103,2.75e-4,3.08e-8,1.14e-8,0,0,0,0,0,0,0,0,0.08,2.99e-5,5.23e-9,1.94e-9,0,0,0,0,0,0,0,0,0,0,0,0,0,0,0,0,0,0,0.035000899999999995,1.3353e-7,4.954e-8
NJ_WODU_01_JK,0,0,0,0,0,0,0,0,0,0,0,0,0,0,0,0,31.1,0.0116,1.97e-6,7.33e-7,0,0,0,0,0,0,0,0,0,0,0,0,0,0,0,0,0.308,1.15e-4,2.01e-8,7.47e-9,0,0,0,0,0,0,0,0,0.149,0.0348,3.06e-8,1.14e-8,0,0,0,0,0.117,3.12e-4,3.49e-8,1.3e-8,0,0,0,0,0,0,0,0,0.066,2.46e-5,4.31e-9,1.6e-9,0,0,0,0,0,0,0,0,0,0,0,0,0,0,0,0,0,0,0.0468516,2.0599100000000002e-6,7.6647e-7
NJ_WODU_01_TN,0,0,0,0,0,0,0,0,0.068,2.54e-5,4.32e-9,1.6e-9,0.135,5.04e-5,6.05e-9,2.25e-9,5.15,0.00192,3.27e-7,1.21e-7,0.633,2.36e-4,4.02e-8,1.49e-8,0,0,0,0,0,0,0,0,0,0,0,0,0.444,1.66e-4,2.9e-8,1.08e-8,0,0,0,0,0,0,0,0,0,0,0,0,0,0,0,0,0.254,6.77e-4,7.59e-8,2.82e-8,0,0,0,0,0,0,0,0,0.288,1.08e-4,1.88e-8,6.99e-9,0.39499999999999996,0.00147,4.38e-7,0,0,0,0,0,0,0,0,0,0,0,0,0,0,0,0.0046528,9.3927e-7,1.8574000000000002e-7
NJ_WODU_02_AD,0,0,0,0,0,0,0,0,0,0,0,0,0.106,3.96e-5,4.75e-9,1.76e-9,5.22,0.00195,3.31e-7,1.23e-7,0.08,2.99e-5,5.08e-9,1.88e-9,0,0,0,0,0,0,0,0,0,0,0,0,0,0,0,0,0,0,0,0,0,0,0,0,0.167,0.039,3.43e-8,1.27e-8,0,0,0,0,0,0,0,0,0,0,0,0,0.09000000000000001,3.36e-5,5.88e-9,2.18e-9,0.601,2.24e-4,3.93e-8,1.46e-8,0.12,4.48e-4,1.33e-7,0,0,0,0,0,0,0,0,0,0,0,0,0,0,0,0.0417251,5.5331e-7,1.5612e-7
NJ_WODU_03_AD,0,0,0,0,0,0,0,0,0,0,0,0,0,0,0,0,2.23,8.33e-4,1.42e-7,5.25e-8,0.152,5.68e-5,9.65e-9,3.58e-9,0,0,0,0,0,0,0,0,0,0,0,0,0,0,0,0,0,0,0,0,0,0,0,0,0,0,0,0,0,0,0,0,0.109,2.91e-4,3.26e-8,1.21e-8,0,0,0,0,0,0,0,0,0.288,1.08e-4,1.88e-8,6.99e-9,0.05600000000000001,2.09e-4,6.21e-8,0,0,0,0,0,0,0,0,0,0,0,0,0,0,0,0.0014978,2.6515e-7,7.517e-8
NJ_WODU_03_LC,0,0,0,0,0,0,0,0,0,0,0,0,0,0,0,0,1.73,6.46e-4,1.1e-7,4.08e-8,0.09,3.36e-5,5.71e-9,2.12e-9,0,0,0,0,0,0,0,0,0,0,0,0,1.11,4.14e-4,7.25e-8,2.69e-8,0,0,0,0,0,0,0,0,0,0,0,0,0,0,0,0,0.121,3.23e-4,3.61e-8,1.34e-8,0,0,0,0,0,0,0,0,0.709,2.65e-4,4.63e-8,1.72e-8,0.157,5.86e-4,1.74e-7,0,0,0,0,0,0,0.477,0.00685,3.01e-7,0,0,0,0,0,0,0.0091176,7.4561e-7,1.0042e-7
NJ_WODU_11_AD,0,0,0,0,0,0,0,0,0,0,0,0,0.316,1.18e-4,1.42e-8,5.26e-9,14.5,0.00541,9.2e-7,3.42e-7,0.643,2.4e-4,4.08e-8,1.52e-8,0,0,0,0,0,0,0,0,0,0,0,0,0.3,1.12e-4,1.96e-8,7.28e-9,0,0,0,0,0,0,0,0,0,0,0,0,0,0,0,0,0.191,5.09e-4,5.7e-8,2.12e-8,0,0,0,0,0.045,1.68e-5,2.94e-9,1.09e-9,0.358,1.34e-4,2.34e-8,8.68e-9,0.6719999999999999,0.00251,7.45e-7,0,0,0,0,0,0,0,0,0,0,0,0,0,0,0,0.0090498,1.82294e-6,4.0071000000000005e-7
