ID,HQ_TEQ,CR_TEQ,EPA_CR_TEQ,TEQ,TCDF_2378,TCDF_Total,TCDD_2378,TCDD_Total,PeCDF_12378,PeCDF_23478,PeCDF_Total,PeCDD_12378,PeCDD_Total,HxCDF_123478,HxCDF_123678,HxCDF_234678,HxCDF_123789,HxCDF_Total,HxCDD_123478,HxCDD_123678,HxCDD_123789,HxCDD_Total,HpCDF_1234678,HpCDF_1234789,HpCDF_Total,HpCDD_1234678,HpCDD_Total,OCDF,OCDD
2,0,0,0,0,0,0,0,0,0,0,2.9e-4,0,0,0,0,0,0,0,0,0,0,0,0,0,0,0,0,0,0
4,0.181,1.9e-5,7.07e-6,6.8e-4,0,0,0,0,0,0,0,6.8e-4,0,0,0,0,0,4.3e-4,0,0,0,0,0,0,0,0,0,0,0
7,0,0,0,0,0,0,0,0,0,0,0,0,0,0,0,0,0,0,0,0,0,0,0,0,0,0,0,0,0
8,0,0,0,0,0,0,0,0,0,0,0,0,0,0,0,0,0,0,0,0,0,0,0,0,0,0,0,0,0
9,0,0,0,0,0,0,0,0,0,0,0,0,0,0,0,0,0,0,0,0,0,0,0,0,0,0,0,0,0
10,0.157,1.65e-5,6.13e-6,5.899999999999999e-4,7.9e-4,0.0012,0,0,0,3.5999999999999997e-4,2.7e-4,4.1e-4,0,0,0,0,0,0,0,0,0,0,0,0,0,0,3e-4,0,0.0023
11-1,0.0056,5.88e-7,2.18e-7,2.1000000000000002e-5,2.0999999999999998e-4,2.2e-4,0,0,0,0,0,0,0,0,0,0,0,0,0,0,0,0,0,0,0,0,0,0,0
11-2,0.293,3.08e-5,1.14e-5,0.0011,5.3e-4,5.3e-4,2.2e-4,6.2e-4,0,2.9e-4,0,6.6e-4,0,0,0,0,0,0,4.7e-4,0,0,0,0,0,0,0,4e-4,0,0
1 NY,0.128,1.34e-5,4.99e-6,4.7999999999999996e-4,5.600000000000001e-4,5.200000000000001e-4,0,0,0,2.5e-4,0,3.1e-4,0,4.1e-4,0,0,0,0,0,0,0,0,0,0,0,0,0,0,0.0014
119-4,0.00427,4.48e-7,1.66e-7,1.6e-5,1.6e-4,0,0,0,0,0,0,0,0,0,0,0,0,0,0,0,0,0,0,0,0,0,0,0,0.0011
122-1,1.23e-4,1.29e-8,4.78e-9,4.6e-7,0,0,0,0,0,0,0,0,0,0,0,0,0,0,0,0,0,0,0,0,0,0,0,0,0.0015
123-1,0.245,2.58e-5,9.56e-6,9.2e-4,7e-4,0.0013,2.6000000000000003e-4,2.6000000000000003e-4,0,4.3e-4,0,4.6e-4,0,0,0,0,0,0,0,0,0,0,0,0,0,0,0,0,0.001
128-1,1.09e-4,1.15e-8,4.26e-9,4.1e-7,0,0,0,0,0,0,0,0,0,0,0,0,0,0,0,0,0,0,0,0,0,0,0,0,0.0014
131-1,0.32,3.36e-5,1.25e-5,0.0012,0.0011,0.0024,3.7e-4,0,0,7.700000000000001e-4,7.700000000000001e-4,4.4e-4,3.5e-4,8.399999999999999e-4,0,0,0,0,0,0,0,0,0,0,0,6.8e-4,0,0,0.0019
132-1,0.168,1.76e-5,6.55e-6,6.3e-4,4e-4,6.2e-4,1.6e-4,1.6e-4,0,1.9e-4,1.9e-4,3.3e-4,0,3.7e-4,0,0,0,0,0,0,0,0,0,0,0,3.1e-4,3.1e-4,0,9.5e-4
136-1,0.0987,1.04e-5,3.85e-6,3.7e-4,4.4e-4,0.0012,0,2.0999999999999998e-4,0,2.0999999999999998e-4,2.0999999999999998e-4,2.2e-4,0,0,0,0,0,0,3.9e-4,0,0,3.9e-4,0,0,0,0,0,0,7.700000000000001e-4
138-1,0.0613,6.44e-6,2.39e-6,2.3e-4,0,0,0,0,0,1e-4,0,2e-4,0,0,0,0,0,3.9e-4,0,0,0,0,0,0,0,0,0,0,0
138-3,0.0427,4.48e-6,1.66e-6,1.6e-4,0,0,0,0,0,0,0,1.6e-4,0,0,0,0,0,0,0,0,0,0,0,0,0,5.200000000000001e-4,5.200000000000001e-4,0,0.0046
142-1,0.157,1.65e-5,6.13e-6,5.899999999999999e-4,3.9e-4,7e-4,1.9e-4,1.9e-4,0,1.9e-4,3.8e-4,2.9e-4,2.9e-4,0,0,0,0,0,0,0,0,0,0,0,0,3.7e-4,3.7e-4,0,0
158-1,0.00373,3.92e-7,1.46e-7,1.4e-5,1.4000000000000001e-4,0,0,0,0,0,1.1999999999999999e-4,0,0,0,0,0,0,0,0,0,0,0,0,0,0,0,2.5e-4,0,0
177-1,0.211,2.21e-5,8.21e-6,7.9e-4,0,0,0,0,0,0,0,4.4e-4,0,0.003,0,0,0,0,2.0999999999999998e-4,2.5e-4,0,0,0,0,0,5.4e-4,5.4e-4,0,8.2e-4
184-1,0.773,8.12e-5,3.01e-5,0.0029,6.7e-4,5.600000000000001e-4,7e-4,0,0,5.1e-4,3.8e-4,9.699999999999999e-4,0,0.006900000000000001,0,2.0999999999999998e-4,0,2.2e-4,9.599999999999999e-4,0.0012,5.600000000000001e-4,5.600000000000001e-4,0,0,0,0.0018,0,0,0.0023
184-2,0.507,5.32e-5,1.98e-5,0.0019,7.8e-4,0.0024,6.1e-4,9.1e-4,0,3.8e-4,0.0012,8.3e-4,8.3e-4,2.6000000000000003e-4,4e-4,1.5e-4,0,0.0011,7.199999999999999e-4,0.0011,2.7e-4,0.0011,1.9e-4,0,0,0.0022,0.0022,2.6000000000000003e-4,0.0029
190-1A,0.237,2.49e-5,9.25e-6,8.900000000000001e-4,8e-4,0.0016,1e-4,1e-4,0,3.5999999999999997e-4,6.2e-4,4.5e-4,0,2.3e-4,2.6000000000000003e-4,0,0,2.3e-4,4.4e-4,5.4e-4,0,9.599999999999999e-4,1.6e-4,0,1.6e-4,5.7e-4,5.7e-4,0,6e-4
190-1B,0.133,1.4e-5,5.2e-6,5e-4,4.5e-4,8.7e-4,5.6e-5,5.6e-5,0,1.1999999999999999e-4,1e-4,2.3999999999999998e-4,3.8e-4,8.5e-5,3.1e-4,5e-4,0,3.1e-4,1.7999999999999998e-4,1.6e-4,0,0,0,0,0,2e-4,2e-4,0,5.200000000000001e-4
197-1,0.117,1.23e-5,4.57e-6,4.4e-4,3.5e-4,0.0013,0,2e-4,0,2.7e-4,9.4e-4,2.2e-4,0,1.1999999999999999e-4,1.6e-4,1.5e-4,0,5.4e-4,2.5e-4,2.3999999999999998e-4,6.8e-5,7.5e-5,0,0,0,5.200000000000001e-4,5.200000000000001e-4,0,0.0015
205-1,0.373,3.92e-5,1.46e-5,0.0014,0.0011,0.0034,2.7e-4,3.9e-4,2.8000000000000003e-4,7.6e-4,0.0019,5.7e-4,0,1.4000000000000001e-4,5e-4,6e-4,0,3.7e-4,4.1e-4,5.5e-4,1.6e-4,0.0011,8.2e-4,0,8.2e-4,0.0012,0,1.4000000000000001e-4,0.0038
206-1,0.0293,3.08e-6,1.14e-6,1.1e-4,0,1e-4,0,0,0,0,0,8.599999999999999e-5,0,0,0,0,0,0,1.4000000000000001e-4,6.3e-5,0,0,0,0,0,2.6000000000000003e-4,0,0,0.0012
209-1,0.131,1.37e-5,5.09e-6,4.9e-4,2.0999999999999998e-4,4.7e-4,8e-5,8e-5,1.1e-4,1.3000000000000002e-4,1.1e-4,2.3e-4,0,5.200000000000001e-4,0,0,1.1999999999999999e-4,0,2.3999999999999998e-4,1.9e-4,0,0,0,0,0,7.099999999999999e-4,0,0,0.0040999999999999995
209-2,0.0072,7.56e-7,2.81e-7,2.7e-5,0,0,0,0,0,0,0,0,0,0,0,0,0,0,2.3999999999999998e-4,0,0,0,0,0,0,2.5e-4,0,0,0.0015
21-1,6.4e-5,6.72e-9,2.49e-9,2.4000000000000003e-7,0,0,0,0,0,0,0,0,0,0,0,0,0,0,0,0,0,0,0,0,0,0,0,0,7.9e-4
213-2,3.47e-5,3.64e-9,1.35e-9,1.3e-7,0,0,0,0,0,0,0,0,0,0,0,0,0,1.6e-4,0,0,0,0,0,0,0,0,0,0,4.1999999999999996e-4
216-1,7.73e-4,8.12e-8,3.01e-8,2.8999999999999998e-6,0,0,0,0,0,0,0,0,0,0,0,0,0,0,0,0,0,0,0,0,0,2.9e-4,0,0,0
219-01,0.4,4.2e-5,1.56e-5,0.0015,0.0019,0.0035,2.5e-4,2.5e-4,0,4.9e-4,4.9e-4,8.7e-4,8.7e-4,0,1.7999999999999998e-4,0,0,0,0,0,0,0,0,0,0,0,0,0,0.0013
26-2,0.115,1.2e-5,4.47e-6,4.3e-4,4.7e-4,4.7e-4,0,0,0,0,0,3.8e-4,0,0,0,0,0,0,0,0,0,0,0,0,0,0,2.8000000000000003e-4,0,0
34-1,0.171,1.79e-5,6.65e-6,6.4e-4,5.899999999999999e-4,8.3e-4,0,0,0,4e-4,8.5e-4,3.5e-4,0,2.3e-4,2.6000000000000003e-4,4.1e-4,2e-4,6.5e-4,0,0,0,0,7.4e-4,0,7.4e-4,4.3e-4,0,0,0
37-2,0.109,1.15e-5,4.26e-6,4.1e-4,2.0999999999999998e-4,4.1999999999999996e-4,0,2.2e-4,0,2.5e-4,4.3e-4,2.3e-4,0,0,3.7e-4,3.1e-4,0,0.0017,0,0,0,0,6.2e-4,0,6.2e-4,4.5e-4,4.5e-4,0,6.6e-4
41-1,0.0667,7e-6,2.6e-6,2.5e-4,0,0.0066,0,0.0011,0,2.5e-4,0.0018,0,0,5.200000000000001e-4,5.7e-4,4.6e-4,0,0.0028,0,0,0,0,0.0015,0,0.0015,8.100000000000001e-4,0,0,0.0011
46-1,0.0773,8.12e-6,3.01e-6,2.9e-4,0,0.0011,0,3.4e-4,0,2.2e-4,0.0015,0,0,4.3e-4,4.1e-4,5.4e-4,2.3e-4,0.0028,3e-4,1.7999999999999998e-4,0,0.0028,0.0011,0,0,6.7e-4,0.0013,5.5e-4,0.001
49-1,0.0587,6.16e-6,2.29e-6,2.2e-4,0,3.5e-4,0,0,0,2.3999999999999998e-4,7.6e-4,0,0,4e-4,6.2e-4,2.8000000000000003e-4,0,0.0026,0,0,0,0,0.0013,0,0,4.7999999999999996e-4,7e-4,0,0
53-1,1.39,1.46e-4,5.41e-5,0.0052,0.0032,0.0070999999999999995,0.0016,0.0016,0.0015,0.002,0.0035,0.0014,0.0014,0.0017,5.200000000000001e-4,0.0070999999999999995,0,0.0022,6.8e-4,0.00093000000000000005,0,0.00093000000000000005,9.1e-4,0,9.1e-4,0.0013,0.0022,7.5e-4,0.0024
57-1,0.155,1.62e-5,6.03e-6,5.8e-4,0.0013,0.0022,0,0,0,3e-4,3e-4,1.7999999999999998e-4,1.7999999999999998e-4,2.0999999999999998e-4,0,7.8e-4,0,0,2.6000000000000003e-4,4.7e-4,0,0,5.3e-4,0,0,5.5e-4,4.7999999999999996e-4,3.5999999999999997e-4,9.2e-4
58-1,0.104,1.09e-5,4.05e-6,3.9e-4,7.7e-5,4.1999999999999996e-4,0,0,0,1.7999999999999998e-4,4.6e-4,1.1999999999999999e-4,0,2.8000000000000003e-4,3.8e-4,4.9e-4,2.2e-4,0.0021000000000000003,2.3999999999999998e-4,1.7e-4,1.1e-4,9.9e-4,0.0011,0,0.0011,0.0012,0.002,2.9e-4,0.0067
62-3,0.128,1.34e-5,4.99e-6,4.7999999999999996e-4,1.7e-4,0.0014,0,6.6e-5,1.7999999999999998e-4,3.3e-4,0.002,1.3000000000000002e-4,4.9e-4,3.9e-4,5.7e-4,3.2e-4,2.3e-4,0.0027,2.7e-4,1.3000000000000002e-4,1.3000000000000002e-4,0.001,0.0015,0,0.0015,0.001,0.0021000000000000003,7.199999999999999e-4,0.0023
69-1,0.072,7.56e-6,2.81e-6,2.7e-4,1.3000000000000002e-4,3e-4,0,0,0,1.4000000000000001e-4,3.2e-4,1e-4,1e-4,1.7e-4,2.3999999999999998e-4,2.0999999999999998e-4,1.5e-4,6.3e-4,1.7999999999999998e-4,1.1999999999999999e-4,0,4.3e-4,8.399999999999999e-4,0,0,5.600000000000001e-4,0.0012,2.7e-4,7e-4
70-1,0.0667,7e-6,2.6e-6,2.5e-4,0,3.3e-4,0,0,0,1.7999999999999998e-4,3e-4,0,0,3e-4,2.2e-4,9.8e-4,0,5.3e-4,2.8000000000000003e-4,0,0,3.7e-4,0.001,0,0,8.399999999999999e-4,8.2e-4,4.9e-4,0.0017
72-1,0.251,2.63e-5,9.77e-6,9.4e-4,0.0013,0.0018,0,0,2.3e-4,5.4e-4,0.0012,4.7e-4,0,2.7e-4,1.9e-4,3.5999999999999997e-4,0,0.0011,3.2e-4,3.4e-4,0,3.4e-4,8.900000000000001e-4,0,8.900000000000001e-4,0.0011,0.0019,2.3e-4,0.0039
74-1,0.0587,6.16e-6,2.29e-6,2.2e-4,0,6.7e-4,0,2.0999999999999998e-4,0,1.9e-4,2.2e-4,0,0,2.9e-4,2e-4,3.7e-4,1.4000000000000001e-4,0.0012,3e-4,1.4000000000000001e-4,0,3e-4,0.0012,0,0,5.8e-4,0.0012,4e-4,0.0012
77-1,0.0773,8.12e-6,3.01e-6,2.9e-4,0,0.0011,0,6.6e-4,0,0,0,2e-4,2e-4,1.1999999999999999e-4,1.1e-4,1.7e-4,0,8.6e-4,2.6000000000000003e-4,1.5e-4,0,4.1e-4,4.1e-4,0,4.1e-4,3.7e-4,7.099999999999999e-4,0,5e-4
82-1,0.0533,5.6e-6,2.08e-6,2e-4,3.5999999999999997e-4,0.0014,0,0,0,1.7999999999999998e-4,1.7999999999999998e-4,0,0,2.6000000000000003e-4,2e-4,2.9e-4,0,2.9e-4,2.8000000000000003e-4,0,0,0,2.7e-4,0,0,3.4e-4,5.4e-4,2.5e-4,7.6e-4
84-1,0.048,5.04e-6,1.87e-6,1.7999999999999998e-4,0,0.0024,0,0,0,1.1999999999999999e-4,5.1e-4,0,0,1.7e-4,2.6000000000000003e-4,2.8000000000000003e-4,0,0.001,5.1e-4,1.1e-4,0,0.0011,8.399999999999999e-4,0,8.399999999999999e-4,6.3e-4,0.0012,1.7999999999999998e-4,8.3e-4
86-1,0.0827,8.68e-6,3.22e-6,3.1e-4,1.6e-4,7.8e-4,0,0,0,1.7e-4,5.600000000000001e-4,1.1e-4,0,1.9e-4,1.9e-4,3.4e-4,1.1e-4,0.0011,1.9e-4,1.4000000000000001e-4,8.5e-5,3.4e-4,8.2e-4,0,8.2e-4,3.9e-4,4.4e-4,2.3999999999999998e-4,4.7999999999999996e-4
87-1,0.0256,2.69e-6,9.98e-7,9.6e-5,0,1.5e-4,0,0,0,7.3e-5,8.8e-5,0,0,9.1e-5,7.4e-5,2.9e-4,8.599999999999999e-5,1.7e-4,1.3000000000000002e-4,0,0,0,4.1999999999999996e-4,0,4.1999999999999996e-4,3.4e-4,0,1.9e-4,6.1e-4
89-1,0.141,1.48e-5,5.51e-6,5.3e-4,0.0016,0.0019,0,0,3.2e-4,3.8e-4,3.2e-4,1.7999999999999998e-4,1.7999999999999998e-4,1.1e-4,1.1e-4,9.800000000000001e-5,0,2.3e-4,1.7999999999999998e-4,1.6e-4,0,3.4e-4,0,0,0,2.3999999999999998e-4,2.3999999999999998e-4,0,5.3e-4
94-2,0.048,5.04e-6,1.87e-6,1.7999999999999998e-4,0,0,0,0,0,1.1e-4,0,0,0,2.3999999999999998e-4,1.7999999999999998e-4,3.2e-4,1.5e-4,5.600000000000001e-4,2.8000000000000003e-4,1.3000000000000002e-4,0,0.0016,9.9e-4,0,9.9e-4,7.199999999999999e-4,0.0016,4.7999999999999996e-4,0.0012
94-3,0.0253,2.66e-6,9.88e-7,9.5e-5,0,0,0,0,0,0,0,0,0,2.2e-4,1.3000000000000002e-4,2.3e-4,0,0.001,2.8000000000000003e-4,0,0,2.8000000000000003e-4,5.3e-4,0,0,3.2e-4,0,0,8.6e-4
95-1,0.0853,8.96e-6,3.33e-6,3.2e-4,3.9e-4,0.0011,0,0,1.1e-4,1.7e-4,3.5999999999999997e-4,1.4000000000000001e-4,0,1.1e-4,7.9e-5,1.9e-4,9.6e-5,3e-4,2.0999999999999998e-4,1.1e-4,0,2.0999999999999998e-4,3.7e-4,0,3.7e-4,3.1e-4,6.5e-4,1.4000000000000001e-4,6.7e-4
96-2,0.0293,3.08e-6,1.14e-6,1.1e-4,0,2e-4,0,0,0,0,0,0,0,1.5e-4,1.7999999999999998e-4,1.7999999999999998e-4,2.2e-4,3.9e-4,2.3e-4,0,0,0,6.7e-4,0,0,3.9e-4,4.5e-4,0,0.001
98-1,0.0088,9.24e-7,3.43e-7,3.3e-5,0,0,0,0,0,0,0,0,0,1e-4,0,1.4000000000000001e-4,0,1.7e-4,0,0,0,0,5.5e-4,0,0,3e-4,8.2e-4,0,7.3e-4
CTABD01,0.141,1.48e-5,5.51e-6,5.3e-4,0.0011,0.0034,8e-5,9.5e-5,1.3000000000000002e-4,3.7e-4,5.4e-4,1.3000000000000002e-4,1.3000000000000002e-4,8.9e-5,9.2e-5,3.8e-4,0,9.2e-5,2.3999999999999998e-4,1.3000000000000002e-4,0,3.5999999999999997e-4,3.5999999999999997e-4,0,3.5999999999999997e-4,2.0999999999999998e-4,4.9e-4,1.3000000000000002e-4,5.200000000000001e-4
CTABD03,0.048,5.04e-6,1.87e-6,1.7999999999999998e-4,0,0,0,0,0,0,0,0,0,5e-4,3.9e-4,4e-4,3e-4,0.0025,0,0,0,0,0.0014,0,0.002,8.399999999999999e-4,0,0.0011,0.0014
CTAGWT2,0.176,1.85e-5,6.86e-6,6.6e-4,4.3e-4,3.5e-4,0,0,0,4.1e-4,3.7e-4,3.2e-4,0,5.899999999999999e-4,3.5e-4,3.5999999999999997e-4,2.3999999999999998e-4,0.0033,0,0,0,0,0.0013,0,0.0013,7.3e-4,9e-4,6.1e-4,0.0018
CTCAG03,0.125,1.32e-5,4.89e-6,4.7e-4,0,0,2.3e-4,0,0,3.3e-4,0,0,0,6.7e-4,2.6000000000000003e-4,2.8000000000000003e-4,0,0.0014,0,0,0,0,8.3e-4,0,0,5.5e-4,6.1e-4,0,0.0014
CTMALL2,0.4,4.2e-5,1.56e-5,0.0015,0.0011,0,6.4e-4,6.4e-4,0,6e-4,1.9e-4,5.7e-4,5.7e-4,4e-4,0,0,0,0.001,0,0,0,0,8.6e-4,0,8.6e-4,5.7e-4,5.7e-4,4.7999999999999996e-4,0.0012
CTMALL3,0.0533,5.6e-6,2.08e-6,2e-4,1.9e-4,2e-4,0,0,0,2.5e-4,4.4e-4,0,0,3.7e-4,2.3999999999999998e-4,2.9e-4,0,0.0011,0,0,0,0,0.0012,0,0.0012,7.9e-4,0.0016,5.7e-4,8.6e-4
CTWOD01,0.0453,4.76e-6,1.77e-6,1.7e-4,0,0,0,0,0,1.3000000000000002e-4,6.2e-4,0,0,3.5e-4,2.7e-4,2.8000000000000003e-4,3e-4,0.0012,0,0,0,0,0.001,0,0.001,4.7999999999999996e-4,0,3.1e-4,0.0012
CTWOD02,0.0293,3.08e-6,1.14e-6,1.1e-4,2e-4,6.2e-4,0,0,0,0,6e-4,0,0,2.2e-4,0,1.7999999999999998e-4,0,2.8000000000000003e-4,3.9e-4,0,0,0,0.001,0,0.001,5e-4,0,3.2e-4,0.0013
MC-2,0.04,4.2e-6,1.56e-6,1.5e-4,0,0,0,0,0,0,4.9e-4,0,0,4.4e-4,0,7.099999999999999e-4,0,0.0018,0,0,0,0,0.0015,0,0.0015,0.0014,0.0014,5.4e-4,0.0025
NJ_ABDU_01_AD,0.0773,8.12e-6,3.01e-6,2.9e-4,7.099999999999999e-4,7.099999999999999e-4,0,3.5e-4,0,3.1e-4,0,0,0,0,3.5999999999999997e-4,4.1999999999999996e-4,0,7.8e-4,3.9e-4,0,0,3.9e-4,4.4e-4,0,0,6.6e-4,6.6e-4,0,0.0011
NJ_ABDU_02_LC,0.0243,2.55e-6,9.46e-7,9.1e-5,0,3.4e-4,0,0,0,0,0,0,0,4.1e-4,0,3.2e-4,0,0.0018,0,0,0,0,0.0012,0,0.0012,6.6e-4,0,0,0.0014
NJ_ABDU_30_AD,0.179,1.88e-5,6.96e-6,6.7e-4,0.0028,0.0055,0,0,0,5.3e-4,0.0011,0,0,4.3e-4,2.7e-4,7e-4,0,0.002,3.5e-4,4e-4,0,7.5e-4,8.5e-4,0,0.0044,7.8e-4,7.8e-4,0,0.0014
NJ_AGWT_01_LC,0.453,4.76e-5,1.77e-5,0.0017,0.0017,0.0035,0,0,7.9e-4,7.8e-4,6.4e-4,8.399999999999999e-4,8.399999999999999e-4,6e-4,5.7e-4,9.4e-4,0,0.0013,9.4e-4,9.599999999999999e-4,0,0.0046,0.0017,0,0.0017,0.002,0.0035,0,0.0029
NJ_AGWT_02_AD,0.373,3.92e-5,1.46e-5,0.0014,0.0012,0.003,2.3999999999999998e-4,0.0013,3.1e-4,7.099999999999999e-4,0.0015,4.1e-4,3.7e-4,8.2e-4,4.7999999999999996e-4,3.5999999999999997e-4,2.3e-4,0.0011,7.9e-4,7.4e-4,5e-4,0.0055,0.0014,0,0.0014,0.0023,0.0039,6.8e-4,0.0040999999999999995
NJ_CAGO_01_AD,0.267,2.8e-5,1.04e-5,0.001,0,0,6.3e-4,6.3e-4,0,3.2e-4,0.0016,0,3.4e-4,5.899999999999999e-4,3.8e-4,2.3999999999999998e-4,0,5.600000000000001e-4,5.7e-4,5e-4,3.9e-4,0.0014,0.0014,0,0.0014,0.0022,0.0022,5.4e-4,0.013
NJ_CAGO_30_AD,0.243,2.55e-5,9.46e-6,9.1e-4,0,0,0,5.4e-4,0,3.4e-4,8.3e-4,5.1e-4,0,6.1e-4,3.2e-4,2.6000000000000003e-4,0,0,6.7e-4,6.1e-4,2.3e-4,0.0013,8e-4,0,0,0.0014,0.0021000000000000003,0,0.004200000000000001
NJ_MALL_01_AD,0.192,2.02e-5,7.48e-6,7.199999999999999e-4,2.3999999999999998e-4,0.0012,4.7999999999999996e-4,4.7999999999999996e-4,0,2.6000000000000003e-4,5.1e-4,0,0,3.8e-4,3.2e-4,2.6000000000000003e-4,2.3999999999999998e-4,0.0018,0,0,0,0,9.699999999999999e-4,0,9.699999999999999e-4,3.2e-4,5.4e-4,2.0999999999999998e-4,0.001
NJ_MALL_11_AD,0.64,6.72e-5,2.49e-5,0.0024,0.0021000000000000003,0.0036,8.5e-4,8.5e-4,2.7e-4,0.0011,0.0026,6.4e-4,9.599999999999999e-4,0.0014,5.5e-4,3e-4,0,0.002,7.6e-4,5.7e-4,0,0.0013,0.0014,0,0.0014,0.0012,0.002,4.7e-4,0.0027
NJ_MALL_30_AD,0.533,5.6e-5,2.08e-5,0.002,0.0029,0.0048,6.1e-4,0,0,9.1e-4,9.1e-4,5.200000000000001e-4,5.200000000000001e-4,0.0011,8.6e-4,3.5999999999999997e-4,0,0.0017,4.6e-4,3.9e-4,0,4.6e-4,0.0012,0,0.0012,8.8e-4,0.0017,5e-4,0.0012
NJ_WODU_01_AD,0.0259,2.72e-6,1.01e-6,9.7e-5,3.5e-4,3.5e-4,0,6.1e-4,0,0,0.001,0,0,4.6e-4,0,0,0,0.0015,0,0,0,0,8.900000000000001e-4,0,0,6.7e-4,0.0015,0,0.0012
NJ_WODU_01_JK,0.0173,1.82e-6,6.76e-7,6.500000000000001e-5,2.8000000000000003e-4,2.8000000000000003e-4,0,0,0,0,5.200000000000001e-4,0,0,2.5e-4,0,0,0,3.5999999999999997e-4,0,0,0,0,7.3e-4,0,7.3e-4,4.6e-4,0.0012,3.3e-4,0
CTABD02,0.205,2.16e-5,8e-6,7.700000000000001e-4,0.0022,0.0057,0,6.4e-4,1.9e-4,5e-4,5e-4,3.2e-4,0,0,0,2.0999999999999998e-4,0,0.0014,2.3999999999999998e-4,1.7999999999999998e-4,0,0,0,0,0,3.3e-4,3.3e-4,2.3999999999999998e-4,0.0011
NJ_MALL_10_AD,0.64,6.72e-5,2.49e-5,0.0024,0.0031,0.004900000000000001,9.9e-4,9.9e-4,2.0999999999999998e-4,6.6e-4,0.0015,7.9e-4,7.9e-4,0,0,7.3e-4,0,0.0021000000000000003,3.8e-4,2.9e-4,0,2.9e-4,0,0,0,3.4e-4,0,0,7.4e-4
NJ_AGWT_01_AD,4.53,4.76e-4,1.77e-4,0.017,0.0055,0.023,0.013,0.014,0.002,0.0035,0.013,9.699999999999999e-4,0.0013,0.0029,8.100000000000001e-4,0.005,1.7e-4,0.0039,4.7999999999999996e-4,8.7e-4,2.3e-4,0.0011,9.2e-4,0,9.2e-4,0.0013,0.0027,0.0013,0.0027
CTMALL1,0.0293,3.08e-6,1.14e-6,1.1e-4,1.7e-4,0,0,0,0,9.900000000000001e-5,9.900000000000001e-5,0,0,0,0,2.0999999999999998e-4,1.5e-4,1.5e-4,2.3999999999999998e-4,0,0,2.3999999999999998e-4,0,0,0,2.6000000000000003e-4,2.6000000000000003e-4,0,9.5e-4
NJ_WODU_01_TN,0.048,5.04e-6,1.87e-6,1.7999999999999998e-4,1.4000000000000001e-4,2.8000000000000003e-4,0,0,0,1.1e-4,2.3e-4,1.1e-4,0,0,0,0,0,0,2e-4,1e-4,0,2e-4,0,0,0,0,1.4000000000000001e-4,0,4.1999999999999996e-4
NJ_WODU_02_AD,0.00507,5.32e-7,1.98e-7,1.9e-5,0,0,0,0,0,0,0,0,0,0,0,0,0,0,1.9e-4,0,0,1.9e-4,0,0,0,0,0,0,3.7e-4
NJ_WODU_03_AD,0.136,1.43e-5,5.3e-6,5.1e-4,3.2e-4,2.6000000000000003e-4,4.3e-4,4.3e-4,0,1.1e-4,2.3999999999999998e-4,0,0,0,0,0,0,2.3e-4,1.5e-4,0,0,0,0,0,0,1.1e-4,0,0,8.3e-4
NJ_WODU_03_LC,0.0195,2.04e-6,7.59e-7,7.3e-5,1.1999999999999999e-4,1.1999999999999999e-4,0,0,0,6.500000000000001e-5,0,0,0,0,0,8.9e-5,5.9999999999999995e-5,8.9e-5,1.6e-4,7.6e-5,0,3e-4,0,0,0,1.7999999999999998e-4,1.7999999999999998e-4,0,9.9e-4
NJ_WODU_11_AD,0.0195,2.04e-6,7.59e-7,7.3e-5,0,6.8e-4,0,0,0,1.1999999999999999e-4,0.0013,0,0,0,0,0,0,0,1.9e-4,1.4000000000000001e-4,0,0,0,0,0.0016,3.1e-4,3.1e-4,0,0.0015
NJ_AGWT_02_NJ,1.31,1.37e-4,5.09e-5,0.004900000000000001,0.0047,0.014,9.4e-4,0.0016,8.100000000000001e-4,0.0015,0.0063,0.0022,0.0039,4.3e-4,2.9e-4,8.3e-4,0,0.0016,0.0021000000000000003,0.0025,0.00093000000000000005,0.01,0,0,0,0.0040999999999999995,0.0064,0,0.005900000000000001
998-1,0.0533,5.6e-6,2.08e-6,2e-4,1.4000000000000001e-4,0.006,0,8.8e-4,0,6.900000000000001e-5,0,1.1999999999999999e-4,0,1.4000000000000001e-4,0,0,0,0,3.5e-4,0,0,3.5e-4,0,0,0,0,0,0,0.001
999-1,0.453,4.76e-5,1.77e-5,0.0017,0.0011,0.0028,4.6e-4,7.9e-4,3.1e-4,0.0012,0.0019,4.1e-4,0,2.0999999999999998e-4,3.2e-4,0.0015,0,0.0018,4.1999999999999996e-4,5.1e-4,0,4.1999999999999996e-4,0,0,0,0.001,0.001,0,0.0047
CTAGWT1,0.04,4.2e-6,1.56e-6,1.5e-4,4e-4,0.0028,0,7.9e-4,0,1.5e-4,7e-4,0,0,0,0,2.0999999999999998e-4,1.7e-4,6e-4,3.1e-4,0,0,3.1e-4,0,0,0,2.0999999999999998e-4,0,0,7.5e-4
210-1,0.00533,5.6e-7,2.08e-7,2e-5,0,0,0,0,0,0,0,0,0,0,0,0,0,0,1.7e-4,0,0,1.7e-4,0,0,0,2.5e-4,2.5e-4,0,0.0013
CTAGWT3,0.0131,1.37e-6,5.09e-7,4.9000000000000005e-5,2.3999999999999998e-4,0.0027,0,0.0012,0,0,0,0,0,0,0,0,0,0,2.3e-4,0,0,0,0,0,3.9e-4,1.6e-4,2.8000000000000003e-4,0,0.001
148-1,0.0267,2.8e-6,1.04e-6,1e-4,0,4.7999999999999996e-4,0,4.1e-4,0,3.4e-4,0,0,0,0,0,0,0,0,0,0,0,0,0,0,0,2.6000000000000003e-4,0,0,0
64-1,0.0048,5.04e-7,1.87e-7,1.7999999999999997e-5,0,0,0,0,0,0,0,0,0,0,0,0,0,0,1.7999999999999998e-4,0,0,0,0,0,0,0,0,0,0
150-1,0.0251,2.63e-6,9.77e-7,9.4e-5,7.5e-4,7.5e-4,0,0,0,0,0,0,0,0,0,1.9e-4,0,0,0,0,0,0,0,0,0,0,0,0,0
103-1,0.00507,5.32e-7,1.98e-7,1.9e-5,0,0,0,0,0,0,0,0,0,0,0,0,0,0,1.9e-4,0,0,2.7e-4,0,0,0,0,0,0,5.3e-4
NJ_MALL_40_AD,13.9,0.00146,5.41e-4,0.052,0.012,0.021,0.045,0.045,0.0023,0.0054,0.012,0.002,0.0046,0.0032,0.0081,0.0039,0,0.019,5.899999999999999e-4,0.0013,0,0.0013,0,0,0,7.099999999999999e-4,7.099999999999999e-4,0,0.003
CTCAG02,0.008,8.4e-7,3.12e-7,2.9999999999999997e-5,0,0,0,0,0,0,0,0,0,0,0,1.4000000000000001e-4,0,0,1.6e-4,0,0,1.6e-4,0,0,0,0,0,0,3.8e-4
NJ_MALL_60_AD,0.373,3.92e-5,1.46e-5,0.0014,0.002,0.0044,3e-4,3e-4,0,9.599999999999999e-4,0.002,4.6e-4,4.6e-4,4.6e-4,0,0,0,0,0,3.5e-4,0,0,0,0,0,9.8e-4,0,0,0.0076
CTCAG01,0.00373,3.92e-7,1.46e-7,1.4e-5,0,0,0,0,0,0,0,0,0,0,0,0,0,0,1.1e-4,0,0,0,0,0,0,2.5e-4,2.5e-4,0,0.0014
6,0.00773,8.12e-7,3.01e-7,2.9e-5,1.4000000000000001e-4,1.4000000000000001e-4,0,0,0,0,0,0,0,0,0,0,0,0,1.5e-4,0,0,1.5e-4,0,0,0,0,0,0,3.1e-4
