ID,11Cl-PF3OUdS,3:3 FTCA,4:2 FTS,5:3 FTCA,6:2 FTS,7:3 FTCA,8:2 FTS,9Cl-PF3ONS,ADONA,EtFOSAA,HFPO-DA,HQ_HFPO-DA,MeFOSAA,N-EtFOSA,N-EtFOSE,N-MeFOSA,N-MeFOSE,NFDHA,PFBA,HQ_PFBA,PFBS,HQ_PFBS,PFDA,HQ_PFDA,PFDS,HQ_PFDS,PFDoA,HQ_PFDoA,PFDoS,PFEESA,PFHpA,HQ_PFHpA,PFHpS,PFHxA,HQ_PFHxA,PFHxS,HQ_PFHxS,PFMBA,PFMPA,PFNA,HQ_PFNA,PFNS,PFOA,HQ_PFOA,CR_PFOA,EPA_CR_PFOA,PFOS,HQ_PFOS,PFOSA,HQ_PFOSA,PFPeA,HQ_PFPeA,PFPeS,PFTeDA,HQ_PFTeDA,PFTrDA,HQ_PFTrDA,PFUnA,HQ_PFUnA,Sum_PFAS_HQ,Sum_PFAS_CR,Sum_PFAS_EPACR
1,0,0,0,0,0.396,0,0,0,0,0,0,0,0,0,3.08,0,0,0,0,0,0,0,0.243,0.00302,0,0,0,0,0,0,0,0,0,0,0,0,0,0,0,0.126,0.00784,0,0,0,0,0,0.338,0.0315,0,0,0,0,0,0.1,0.00156,0,0,0,0,0.04392,0,0
1 NY,0,0,0,0,0.425,0,0,0,0,0,0,0,0,0,0,0,0,0,0,0,0,0,0.345,0.00429,0,0,0.124,0.00193,0,0,0,0,0,0,0,0,0,0,0,0.436,0.0271,0,0.216,0.0134,2.82e-9,1.05e-9,1.9,0.177,0,0,0,0,0,0,0,0,0,0.10200000000000001,0.00159,0.22530999999999998,2.82e-9,1.05e-9
10,0,0,0,0,0.34,0,0,0,0,0,0,0,0,0,0,0.133,0,0,0,0,0,0,0.177,0.0022,0,0,0.201,0.00313,0,0,0,0,0,0,0,0.36,0.00336,0,0,0.606,0.0377,0,0.129,0.00803,1.69e-9,6.26e-10,1.89,0.176,0,0,0,0,0,0.137,0.00213,0.16700000000000004,0.0026,0.13599999999999998,0.00212,0.23726999999999998,1.69e-9,6.26e-10
11-1A,0,0,0,0,0,0,0,0,0,0,0,0,0,0,1.43,0,0,0,0,0,0,0,0.186,0.00231,0,0,0.233,0.00362,0,0,0,0,0,0,0,0,0,0,0,0.366,0.0228,0,0,0,0,0,1.37,0.128,0,0,0,0,0,0,0,0,0,0.12499999999999997,0.00194,0.15867,0,0
11-2A,0,0,0,0,0.454,6.16,0,0,0,0,0,0,0,0,0,0,0,0,0,0,0,0,0.128,0.00159,0,0,0,0,0,0,0,0,0,0,0,0,0,0,0,0.639,0.0398,0,0,0,0,0,0.306,0.0286,0,0,0,0,0,0,0,0,0,0,0,0.06999,0,0
2,0,0,0,0,0.375,0,0,0,0,0,0,0,0,0,4.19,0,0,0,0,0,0,0,0.166,0.00207,0,0,0,0,0,0,0,0,0,0,0,0,0,0,0,0.175,0.0109,0,0,0,0,0,0.205,0.0191,0,0,0,0,0,0,0,0,0,0,0,0.03207,0,0
21-1,0,0,0,0,0.8,0,0,0,0,0,0,0,0,0,6.57,0,0,0,1.14,2.13e-4,0,0,0.399,0.00497,0,0,0.077,0.0012,0,0,0,0,0,0,0,0,0,0,0,0.357,0.0222,0,0.127,0.0079,1.66e-9,6.16e-10,1.08,0.101,0,0,0,0,0,0,0,0,0,0,0,0.137483,1.66e-9,6.16e-10
26-2,0,0,0,0,0.365,0,0,0,0,0,0,0,0,0,0,0,0,0,0,0,0,0,1.03,0.0128,0,0,0.248,0.00386,0,0,0,0,0,0,0,0.13,0.00121,0,0,1.49,0.0927,0,0,0,0,0,8.91,0.832,0,0,0,0,0,0.106,0.00165,0,0,0.4149999999999999,0.00646,0.95068,0,0
3,0,0,0,0,0.304,0,0,0,0,0,0,0,0,0,3.89,0,0,0,0,0,0,0,0.173,0.00215,0,0,0.117,0.00182,0,0,0,0,0,0,0,0,0,0,0,0.263,0.0164,0,0,0,0,0,0.55,0.0513,0,0,0,0,0,0.107,0.00166,0,0,0,0,0.07333,0,0
34-1,0,0,0,0,0.477,0,0,0,0,0,0,0,0,0,5.75,0,0,0,1.06,1.98e-4,0,0,0.255,0.00317,0,0,0.079,0.00123,0,0,0,0,0,0,0,0,0,0,0,0.183,0.0114,0,0,0,0,0,0.797,0.0744,0,0,0,0,0,0,0,0,0,0,0,0.09039799999999999,0,0
37-2,0,0,0,0,0.691,0,0,0,0,0,0,0,0,0,6.9,0,0,0,0,0,0,0,0.25,0.00311,0,0,0.148,0.0023,0,0,0,0,0,0,0,0,0,0,0,0.125,0.00778,0,0,0,0,0,0.589,0.055,0,0,0,0,0,0.145,0.00226,0.17500000000000004,0.00272,0,0,0.07317,0,0
4,0,0,0,0,0.418,0,0,0,0,0,0,0,0,0,0,0,0,0,0,0,0,0,0.153,0.0019,0,0,0.089,0.00138,0,0,0,0,0,0,0,0,0,0,0,0.23,0.0143,0,0,0,0,0,0.624,0.0582,0,0,0,0,0,0.18,0.0028,0,0,0,0,0.07858,0,0
41-1,0,0,0,0,0.512,3.25,0,0,0,0,0,0,0,0,5.93,0,0,0,0.652,1.22e-4,0,0,0.238,0.00296,0,0,0.087,0.00135,0,0,0,0,0,0,0,0,0,0,0,0.301,0.0187,0,0,0,0,0,0.21,0.0196,0,0,0,0,0,0,0,0,0,0,0,0.042732,0,0
46-1,0,0,0,0,0.432,0,0,0,0,0,0,0,0,0,0,0,0,0,0,0,0,0,0,0,0,0,0.088,0.00137,0,0,0,0,0,0,0,0,0,0,0,0,0,0,0,0,0,0,0,0,0,0,0,0,0,0.138,0.00215,0.22700000000000004,0.00353,0,0,0.00705,0,0
6,0,0,0,0,0.389,0,0,0,0,0,0,0,0,0,0,0,0,0,0,0,0,0,0.242,0.00301,0,0,0,0,0,0,0,0,0,0,0,0,0,0,0,0.43,0.0268,0,0,0,0,0,0.525,0.049,0,0,0,0,0,0,0,0,0,0,0,0.07881,0,0
7,0,0,0,0,0.418,0,0,0,0,0,0,0,0,0,0,0,0,0,0,0,0,0,0,0,0,0,0,0,0,0,0,0,0,0,0,0,0,0,0,0.122,0.00759,0,0,0,0,0,0.175,0.0163,0,0,0,0,0,0,0,0,0,0,0,0.023889999999999998,0,0
8,0,0,0,0,0.912,0,0,0,0,0,0,0,0,0,6.57,0,0,0,0.92,1.72e-4,0,0,0.176,0.00219,0,0,0,0,0,0,0,0,0,0,0,0,0,0,0,0.139,0.00865,0,0,0,0,0,0.175,0.0163,0,0,0,0,0,0,0,0,0,0,0,0.027312,0,0
9,0,0,0,0,0.406,0,0,0,0,0,0,0,0,0,3.13,0,0,0,0.493,9.2e-5,0,0,0.387,0.00482,0,0,0.56,0.00871,0,0,0,0,0.155,0,0,0.469,0.00438,0,0,1.04,0.0647,0,0.207,0.0129,2.7e-9,1e-9,7.79,0.727,0,0,0,0,0,0.656,0.0102,1.134,0.0176,0.3969999999999999,0.00618,0.856582,2.7e-9,1e-9
49-1,0,0,0,0,0,0,0,0,0,0,0,0,0,0,10.8,0.103,0,0,0,0,0,0,0,0,0,0,0,0,0,0,0,0,0,0,0,0,0,0,0,0.186,0.0116,0,0,0,0,0,0.129,0.012,0,0,0,0,0,0,0,0.211,0.00328,0,0,0.02688,0,0
53-1,0,0,0,0,0,0,0,0,0,0,0,0,0,0,7.58,0,0,0,0,0,0,0,0.711,0.00885,0.247,0.00384,0.562,0.00874,0,0,0,0,0,0,0,0,0,0,0,1.09,0.0678,0,0,0,0,0,10.4,0.971,0,0,0,0,0,0.341,0.0053,0.625,0.00972,0.366,0.00569,1.08094,0,0
57-1,0,0,0,0,0,3.94,0,0,0,0,0,0,0,0,2.51,0.114,0,0,0,0,0,0,0.719,0.00895,0,0,0.356,0.00554,0,0,0,0,0,0,0,0.881,0.00822,0,0,1.12,0.0697,0,0.098,0.0061,1.28e-9,4.75e-10,3.57,0.333,0,0,0,0,0,0.249,0.00387,0.294,0.00457,0.41900000000000004,0.00652,0.44647000000000003,1.28e-9,4.75e-10
58-1,0,0,0,0,0,0,0,0,0,0,0,0,0,0,0,0.119,0,0,0,0,0,0,0,0,0,0,0,0,0,0,0,0,0,0,0,0,0,0,0,0.131,0.00815,0,0,0,0,0,0,0,0,0,0,0,0,0,0,0.15,0.00233,0,0,0.01048,0,0
62-3,0,0,0,0,0,0,0,0,0,0,0,0,0,0,4.68,0.102,0,0,0,0,0,0,0.16,0.00199,0,0,0.166,0.00258,0,0,0,0,0,0,0,0,0,0,0,0.224,0.0139,0,0,0,0,0,0.869,0.0811,0,0,0,0,0,0,0,0.223,0.00347,0.09600000000000002,0.00149,0.10453,0,0
64-1,0,0,0,0,0,0,0,0,0,0,0,0,0,0,6.36,0.092,0,0,0,0,0,0,0.125,0.00156,0,0,0.107,0.00166,0,0,0,0,0,0,0,0,0,0,0,0.336,0.0209,0,0,0,0,0,1.02,0.0952,0,0,0,0,0,0.118,0.00184,0.234,0.00364,0,0,0.12480000000000001,0,0
69-1,0,0,0,0,0,0,0,0,0,0,0,0,0,0,4.13,0.107,0,0,0,0,0,0,0.19,0.00236,0,0,0.163,0.00254,0,0,0,0,0,0,0,0,0,0,0,0.295,0.0184,0,0,0,0,0,0.474,0.0442,0,0,0,0,0,0.114,0.00177,0.211,0.00328,0.23800000000000004,0.0037,0.07625,0,0
70-1,0,0,0,0,0,11.6,0,0,0,0,0,0,0,0,0,0.107,0,0,0,0,0,0,0.285,0.00355,0,0,0.143,0.00222,0,0,0,0,0,0,0,0,0,0,0,0.275,0.0171,0,0.083,0.00516,1.08e-9,4.03e-10,1.55,0.145,0,0,0,0,0,0,0,0.222,0.00345,0.09200000000000001,0.00143,0.17790999999999998,1.08e-9,4.03e-10
72-1,0,0,0,0,0,8.57,0,0,0,0,0,0,0,0,0,0,0,0,0,0,0,0,0.24,0.00299,0,0,0.391,0.00608,0,0,0,0,0,0,0,0,0,0,0,0.199,0.0124,0,0,0,0,0,2.1,0.196,0,0,0,0,0,0.366,0.00569,0.396,0.00616,0,0,0.22932,0,0
74-1,0,0,0,0,0,0,0,0,0,0,0,0,0,0,0,0,0,0,0,0,0,0,0,0,0,0,0.08,0.00124,0,0,0,0,0,0,0,0,0,0,0,0.29,0.018,0,0,0,0,0,0.335,0.0313,0,0,0,0,0,0,0,0.114,0.00177,0,0,0.05231,0,0
77-1,0,0,0,0,0,3.48,0,0,0,0,0,0,0,0,4.11,0,0,0,0,0,0,0,0.15,0.00187,0,0,0,0,0,0,0,0,0,0,0,0,0,0,0,0.893,0.0556,0,0,0,0,0,0.239,0.0223,0,0,0,0,0,0,0,0,0,0,0,0.07977,0,0
82-1,0,0,0,0,0,0,0,0,0,0,0,0,0,0,8.45,0,0,0,0,0,0,0,0.207,0.00258,0,0,0.167,0.0026,0,0,0,0,0,0,0,0,0,0,0,1.48,0.0921,0,0,0,0,0,0.505,0.0471,0,0,0,0,0,0,0,0.381,0.00593,0.15500000000000003,0.00241,0.15272,0,0
84-1,0,0,0,0,0,0,0,0,0,0,0,0,0,0,5.49,0,0,0,0,0,0,0,0.157,0.00195,0,0,0,0,0,0,0,0,0,0,0,0,0,0,0,0.362,0.0225,0,0,0,0,0,0.182,0.017,0,0,0,0,0,0,0,0.263,0.00409,0,0,0.04554,0,0
86-1,0,0,0,0,0,0,0,0,0,0,0,0,0,0,4.35,0.122,0,0,0,0,0,0,0.247,0.00307,0,0,0.132,0.00205,0,0,0,0,0,0,0,0,0,0,0,0.227,0.0141,0,0,0,0,0,0.506,0.0472,0,0,0,0,0,0,0,0.138,0.00215,0,0,0.06856999999999999,0,0
87-1,0,0,0,0,0,0,0,0,0,0,0,0,0,0,9.76,0,0,0,0,0,0,0,0.111,0.00138,0,0,0.106,0.00165,0,0,0,0,0,0,0,0,0,0,0,0.215,0.0134,0,0,0,0,0,0.252,0.0235,0,0,0,0,0,0,0,0.257,0.004,0,0,0.043930000000000004,0,0
89-1,0,0,0,0,0,0,0,0,0,0,0,0,0,0,1.04,0.097,0,0,0,0,0,0,0.261,0.00325,0,0,0.308,0.00479,0,0,0,0,0,0,0,0,0,0,0,0.342,0.0213,0,0,0,0,0,2.33,0.217,0,0,0,0,0,0.221,0.00344,0.404,0.00628,0.773,0.012,0.26806,0,0
94-2,0,0,0,0,0,0,0,0,0,0,0,0,0,0,5.24,0.101,0,0,0,0,0,0,0,0,0,0,0,0,0,0,0,0,0,0,0,0,0,0,0,0.095,0.00591,0,0,0,0,0,0.192,0.0179,0,0,0,0,0,0,0,0.194,0.00302,0,0,0.02683,0,0
94-3,0,0,0,0,0,0,0,0,0,0,0,0,0,0,2.68,0,0,0,0,0,0,0,0.134,0.00167,0,0,0.146,0.00227,0,0,0,0,0,0,0,0,0,0,0,0,0,0,0,0,0,0,0,0,0,0,0,0,0,0,0,0,0,0,0,0.00394,0,0
103-1,0,0,0,0,0,0,0,0,0,0,0,0,0,0,0,0.102,0,0,0,0,0,0,0,0,0,0,0,0,0,0,0,0,0,0,0,0,0,0,0,0.1,0.00622,0,0,0,0,0,0.084,0.00784,0,0,0,0,0,0,0,0,0,0,0,0.01406,0,0
119-4,0,0,0,0,0,0,0,0,0,0,0,0,0,0,3.45,0.124,0,0,0,0,0,0,0.161,0.002,0,0,0.192,0.00299,0,0,0,0,0,0,0,0,0,0,0,0.155,0.00965,0,0,0,0,0,0.807,0.0753,0,0,0,0,0,0.238,0.0037,0.559,0.0087,0.113,0.00176,0.10410000000000001,0,0
122-1,0,0,0,0,0,0,0,0,0,0,0,0,0,0,4.2,0.126,0,0,0.441,8.23e-5,0,0,0.101,0.00126,0,0,0,0,0,0,0,0,0,0,0,0,0,0,0,0,0,0,0,0,0,0,0.171,0.016,0,0,0,0,0,0,0,0,0,0,0,0.0173423,0,0
123-1,0,0,0,0,0,0,0,0,0,0,0,0,0,0,7.14,0.141,0,0,0,0,0,0,0.11,0.00137,0,0,0,0,0,0,0,0,0,0,0,0,0,0,0,0.334,0.0208,0,0,0,0,0,0.333,0.0311,0,0,0,0,0,0,0,0,0,0,0,0.05327,0,0
128-1,0,0,0,0,0,0,0,0,0,0,0,0,0,0,7.74,0.105,0,0,0,0,0,0,0,0,0,0,0,0,0,0,0,0,0,0,0,0,0,0,0,0,0,0,0,0,0,0,0,0,0,0,0,0,0,0,0,0,0,0,0,0,0,0
131-1,0,0,0,0,0.412,0,0,0,0,0,0,0,0,0,12.9,0.105,0,0,0.98,1.83e-4,0,0,0.259,0.00322,0,0,0.153,0.00238,0,0,0,0,0,0,0,0,0,0,0,0.381,0.0237,0,0,0,0,0,3.08,0.287,0,0,0,0,0,0.164,0.00255,0.252,0.00392,0.16200000000000003,0.00252,0.32547299999999996,0,0
132-1,0,0,0,0,0,0,0,0,0,0,0,0,0,0,12.8,0,0,0,0,0,0,0,0,0,0,0,0,0,0,0,0,0,0,0,0,0,0,0,0,0.238,0.0148,0,0,0,0,0,0.481,0.0449,0,0,0,0,0,0,0,0,0,0,0,0.0597,0,0
136-1,0,0,0,0,0,6.43,0,0,0,0,0,0,0,0,3.96,0,0,0,0,0,0,0,0.12,0.00149,0,0,0,0,0,0,0,0,0,0,0,0,0,0,0,0.267,0.0166,0,0,0,0,0,1.14,0.106,0,0,0,0,0,0,0,0.221,0.00344,0,0,0.12753,0,0
138-1,0,0,0,0,0,0,0,0,0,0,0,0,0,0,0,0,0,0,0,0,0,0,0,0,0,0,0,0,0,0,0,0,0,0,0,0,0,0,0,0.082,0.0051,0,0,0,0,0,0.076,0.00709,0,0,0,0,0,0,0,0,0,0,0,0.01219,0,0
138-3,0,0,0,0,0,0,0,0,0,0,0,0,0,0,3.94,0.106,0,0,0,0,0,0,0,0,0,0,0,0,0,0,0,0,0,0,0,0,0,0,0,0,0,0,0,0,0,0,0.172,0.0161,0,0,0,0,0,0,0,0,0,0,0,0.0161,0,0
142-1,0,0,0,0,0,0,0,0,0,0,0,0,0,0,9.06,0,0,0,0,0,0,0,0,0,0,0,0,0,0,0,0,0,0,0,0,0,0,0,0,0.241,0.015,0,0,0,0,0,0.127,0.0119,0,0,0,0,0,0,0,0,0,0,0,0.0269,0,0
148-1,0,0,0,0,0,0,0,0,0,0,0,0,0,0,3.39,0.109,0,0,0,0,0,0,0.212,0.00264,0,0,0,0,0,0,0,0,0,0,0,0,0,0,0,0.302,0.0188,0,0,0,0,0,0.723,0.0675,0,0,0,0,0,0,0,0,0,0,0,0.08894,0,0
150-1,0,0,0,0,0,0,0,0,0,0,0,0,0,0,0,0.099,0,0,0,0,0,0,0.248,0.00309,0,0,0.088,0.00137,0,0,0,0,0,0,0,0.35,0.00327,0,0,1.13,0.0703,0,0,0,0,0,2.82,0.263,0,0,0,0,0,0,0,0.296,0.0046,0,0,0.34563,0,0
158-1,0,0,0,0,0,0,0,0,0,0,0,0,0,0,0,0,0,0,0.599,1.12e-4,0,0,0.123,0.00153,0,0,0.363,0.00565,0,0,0,0,0,0,0,0,0,0,0,0.174,0.0108,0,0,0,0,0,0.551,0.0514,0,0,0,0,0,0.167,0.0026,0.311,0.00484,0,0,0.076932,0,0
161-1,0,0,0,0,0,0,0,0,0,0,0,0,0,0,0,0.162,0,0,0,0,0,0,0.268,0.00334,0,0,0.136,0.00212,0,0,0,0,0,0,0,0.315,0.00294,0,0,0.762,0.0474,0,0,0,0,0,2.18,0.203,0,0,0.381,1.42e-4,0,0,0,0.287,0.00446,0,0,0.263402,0,0
95-1,0,0,0,0,0,0,0,0,0,0,0,0,0,0,3.87,0.093,0,0,0,0,0,0,0.212,0.00264,0,0,0.308,0.00479,0,0,0,0,0,0,0,0,0,0,0,0.401,0.025,0,0,0,0,0,1.06,0.0989,0,0,0,0,0,0.237,0.00369,0.537,0.00835,0.176,0.00274,0.14611,0,0
96-2,0,0,0,0,0,6.24,0,0,0,0,0,0,0,0,1.33,0.111,0,0,0,0,0,0,0.249,0.0031,0.483,0.00751,0.187,0.00291,0,0,0,0,0,0,0,0,0,0,0,0.417,0.0259,0,0,0,0,0,1.07,0.0999,0,0,0,0,0,0.092,0.00143,0.257,0.004,0.296,0.0046,0.14935,0,0
98-1,0,0,0,0,0,0,0,0,0,0,0,0,0,0,6.72,0.14,0,0,0,0,0,0,0,0,0,0,0.086,0.00134,0,0,0,0,0,0,0,0,0,0,0,0.137,0.00852,0,0,0,0,0,0.191,0.0178,0,0,0,0,0,0,0,0,0,0,0,0.02766,0,0
177-1,0,0,0,0,0,3.19,0,0,0,0,0,0,0,0,1.73,0,0,0,0,0,0,0,1.35,0.0168,0.338,0.00526,1.27,0.0198,0,0,0,0,0,0,0,0,0,0,0,0.375,0.0233,0,0,0,0,0,4.03,0.376,0,0,0,0,0,0.432,0.00672,0.55,0.00856,0.772,0.012,0.46844,0,0
184-1,0,0,0,0,0,4.37,0,0,0,0,0,0,0,0,1.14,0,0,0,0,0,0,0,0.802,0.00998,0.425,0.00661,0.613,0.00954,0,0,0,0,0.113,0,0,0.288,0.00269,0,0,0.716,0.0446,0,0,0,0,0,8.82,0.823,0,0,0,0,0,0.527,0.0082,0.641,0.00997,0.588,0.00915,0.92374,0,0
184-2,0,0,0,0,0,7.28,0,0,0,0,0,0,0,0,0,0,0,0,0,0,0,0,1.26,0.0157,0.371,0.00577,0.657,0.0102,0,0,0.151,0.00123,0.101,0,0,0.236,0.0022,0,0,1.08,0.0672,0,0.234,0.0146,3.06e-9,1.14e-9,11.2,1.05,0,0,0,0,0,0.48,0.00747,0.735,0.0114,0.926,0.0144,1.20017,3.06e-9,1.14e-9
190-1A,0,0,0,0,0,0,0,0,0,0,0,0,0,0,4.7,0,0,0,0,0,0,0,0.2,0.00249,0,0,0.142,0.00221,0,0,0,0,0,0,0,0.097,9.05e-4,0,0,0.689,0.0429,0,0.137,0.00852,1.79e-9,6.65e-10,3.87,0.361,0,0,0,0,0,0.128,0.00199,0.135,0.0021,0,0,0.42211499999999996,1.79e-9,6.65e-10
190-1B,0,0,0,0,0,0,0,0,0,0,0,0,0,0,4.15,0,0,0,0,0,0,0,0.21,0.00261,0,0,0.168,0.00261,0,0,0,0,0,0,0,0.374,0.00349,0,0,0.287,0.0179,0,0,0,0,0,2.62,0.245,0,0,0,0,0,0.184,0.00286,0.221,0.00344,0,0,0.27791,0,0
197-1,0,0,0,0,0,3.05,0,0,0,0,0,0,0,0,0,0,0,0,0,0,0,0,0.854,0.0106,0,0,0.621,0.00966,0,0,0,0,0,0.084,3.14e-5,0.107,9.99e-4,0,0,0.866,0.053900000000000003,0,0.135,0.0084,1.76e-9,6.55e-10,2.03,0.189,0,0,0,0,0,0.187,0.00291,0.605,0.00941,1.206,0.0188,0.3037104,1.76e-9,6.55e-10
205-1,0,0,0,0,0,0,0,0,0,0,0,0,0,0,0,0,0,0,0,0,0,0,1.49,0.0185,0.583,0.00907,2.76,0.0429,0,0,0,0,0.21,0,0,0.114,0.00106,0,0,0.826,0.0514,0,0.185,0.0115,2.42e-9,8.97e-10,10.8,1.01,0,0,0,0,0,2.79,0.0434,2.58,0.0401,0.82,0.0128,1.2407300000000001,2.42e-9,8.97e-10
206-1,0,0,0,0,0,0,0,0,0,0,0,0,0,0,0,0,0,0,0,0,0,0,0.127,0.00158,0,0,0,0,0,0,0,0,0,0,0,0,0,0,0,0,0,0,0,0,0,0,0.22,0.0205,0,0,0,0,0.101,0,0,0,0,0,0,0.022080000000000002,0,0
209-1,0,0,0,0,0,0,0,0,0,2.52,0,0,0,0,1.77,0,0,0,0,0,0,0,0.662,0.00824,0.208,0.00324,0.49,0.00762,0,0,0,0,0.135,0,0,0.236,0.0022,0,0,0.291,0.0181,0,0.318,0.0198,4.16e-9,1.54e-9,15.8,1.47,0.238,0.0037,0,0,0,0.468,0.00728,0.61,0.00949,0.313,0.00487,1.55454,4.16e-9,1.54e-9
209-2,0,0,0,0,0,0,0,0,0,0,0,0,0,0,0.905,0,0,0,0,0,0,0,0.672,0.00836,0,0,0,0,0,0,0,0,0,0,0,0,0,0,0,0.74,0.046,0,0.162,0.0101,2.12e-9,7.86e-10,2.45,0.229,0,0,0,0,0,0,0,0,0,0.097,0.00151,0.29497,2.12e-9,7.86e-10
210-1,0,0,0,0,0,0,0,0,0,0,0,0,0,0,1.41,0,0,0,0,0,0,0,0,0,0,0,0,0,0,0,0,0,0.115,0,0,0,0,0,0,0,0,0,0,0,0,0,3.05,0.285,0,0,0,0,0,0,0,0,0,0,0,0.285,0,0
213-2,0,0,0,0,0,0,0,0,0,0,0,0,0,0,0,0.074,0,0,0,0,0,0,0.145,0.0018,0,0,0,0,0,0,0.077,6.25e-4,0,0,0,0,0,0,0,0,0,0,0,0,0,0,0.141,0.0132,0,0,0,0,0,0,0,0,0,0,0,0.015625,0,0
216-1,0,0,0,0,0,0,0,0,0,0,0,0,0,0,0.831,0,0,0,0,0,0,0,0,0,0,0,0,0,0,0,0,0,0,0,0,0,0,0,0,0,0,0,0,0,0,0,0.084,0.00784,0,0,0,0,0,0,0,0,0,0,0,0.00784,0,0
219-01,0,0,0,0,0,0,0,0,0,0,0,0,0,0,0,0,0,0,0,0,0,0,0.5,0.00622,0.085,0.00132,0.312,0.00485,0,0,0,0,0,0,0,0.176,0.00164,0,0,0.337,0.021,0,0.103,0.00641,1.35e-9,5e-10,3.09,0.288,0.102,0.00159,0,0,0,0.232,0.00361,0.379,0.0059,0.349,0.00543,0.34597,1.35e-9,5e-10
998-1,0,0,0,0,0,0,0,0,0,0,0,0,0,0,0,0,0,0,0,0,0,0,0.425,0.00529,0,0,0.166,0.00258,0,0,0,0,0,0,0,0,0,0,0,0.662,0.0412,0,0,0,0,0,1.05,0.098,0,0,0,0,0,0,0,0.257,0.004,0.28200000000000003,0.00439,0.15546000000000001,0,0
999-1,0,0,0,0,0,0,0,0,0,0,0,0,0,0,0,0.069,0,0,0,0,0,0,0.757,0.00942,0.617,0.0096,2.1,0.0327,0,0,0,0,0.166,0,0,0.111,0.00104,0,0,0.47,0.0292,0,0.185,0.0115,2.42e-9,8.97e-10,8.18,0.764,0,0,0,0,0,2.43,0.0378,1.93,0.03,0.574,0.00893,0.93419,2.42e-9,8.97e-10
CTABD01,0,0,0,0,0,0,0,0,0,0,0,0,0,0,0,0,0,0,0,0,0,0,0.282,0.00351,0,0,0.2,0.00311,0,0,0,0,0,0,0,0.097,9.05e-4,0,0,0.579,0.036,0,0,0,0,0,2.83,0.264,0,0,0,0,0,0.125,0.00194,0.219,0.00341,0.08099999999999999,0.00126,0.314135,0,0
MC-2,0,0,0,0,0,0,0.623,0,0,0,0,0,0,0,1.68,0,0,0,0,0,0,0,0.476,0.00592,0,0,0.348,0.00541,0,0,0,0,0,0,0,0,0,0,0,0.565,0.0352,0,0,0,0,0,4.9,0.457,0,0,0,0,0,0.239,0.0037200000000000002,0.484,0.00753,0.338,0.00526,0.5200400000000001,0,0
CTABD02,0,0,0,0,0,2.59,0,0,0,0,0,0,0,0,0,0,0,0,0,0,0,0,0.477,0.00594,0.1,0.00156,0.3,0.00467,0,0,0,0,0,0,0,0.149,0.00139,0,0,2.37,0.147,0,0.106,0.0066,1.39e-9,5.14e-10,3.29,0.307,0,0,0,0,0,0.244,0.0038,0.432,0.00672,0.38,0.00591,0.49058999999999997,1.39e-9,5.14e-10
CTABD03,0,0,0,0,0,0,0,0,0,0,0,0,0,0,1.2,0,0,0,0,0,0,0,0,0,0,0,0,0,0,0,0,0,0,0,0,0,0,0,0,0,0,0,0,0,0,0,0.22,0.0205,0,0,0,0,0,0,0,0,0,0,0,0.0205,0,0
CTAGWT1,0,0,0,0,0,7.87,0,0,0,0,0,0,0,0,2.68,0,0,0,0,0,0,0,0.495,0.00616,0,0,0.48,0.00747,0,0,0,0,0,0,0,0,0,0,0,0.434,0.027,0,0.872,0.0543,1.14e-8,4.23e-9,2.17,0.203,0,0,0,0,0,0.663,0.0103,1.22,0.019,0.305,0.00474,0.33197,1.14e-8,4.23e-9
CTAGWT2,0,0,0,0,0,0,0,0,0,0.097,0,0,0,0,0.94,0,0,0,0,0,0,0,0.835,0.0104,0,0,0.418,0.0065,0,0,0,0,0.095,0,0,0.175,0.00163,0,0,1.08,0.0672,0,0,0,0,0,8.95,0.835,0,0,0,0,0,0.327,0.00509,0.393,0.00611,0.72,0.0112,0.9431299999999999,0,0
CTAGWT3,0,0,0,0,0,2.87,0,0,0,0,0,0,0,0,0,0,0,0,0,0,0,0,0.304,0.00378,0,0,0.318,0.00495,0,0,0,0,0,0,0,0.56,0.00523,0,0,0.506,0.0315,0,0,0,0,0,3.66,0.342,0,0,0,0,0,0.149,0.00232,0.37,0.00576,0.471,0.00733,0.40287,0,0
CTCAG01,0,0,0,0,0,0,0,0,0,0.361,0,0,0.111,0,0,0.1,0,0,0,0,0,0,0.227,0.00283,0,0,0.08,0.00124,0,0,0,0,0,0,0,0,0,0,0,0.179,0.0111,0,0,0,0,0,0.703,0.0656,0,0,0,0,0,0,0,0,0,0.1,0.00156,0.08233,0,0
CTCAG02,0,0,0,0,0,0,0,0,0,0,0,0,0,0,1.36,0,0,0,0,0,0,0,0,0,0,0,0,0,0,0,0,0,0,0,0,0,0,0,0,0,0,0,0,0,0,0,0,0,0,0,0,0,0,0,0,0,0,0,0,0,0,0
CTCAG03,0,0,0,0,0,0,0,0,0,0,0,0,0,0,1.3,0,0,0,0,0,0,0,0.171,0.00213,0,0,0.183,0.00285,0,0,0,0,0,0,0,0.332,0.0031,0,0,0.217,0.0135,0,0,0,0,0,4.34,0.405,0,0,0,0,0,0.119,0.00185,0,0,0,0,0.42843000000000003,0,0
CTMALL1,0,0,0,0,0,0,0,0,0,0,0,0,0,0,1.98,0,0,0,0,0,0,0,0.135,0.00168,0,0,0.387,0.00602,0,0,0,0,0,0,0,0,0,0,0,0.124,0.00772,0,0,0,0,0,0.927,0.0865,0,0,0,0,0,0.426,0.00663,0.397,0.00618,0.14100000000000001,0.00219,0.11692,0,0
CTMALL2,0,0,0,0,0,14.9,0,0,0,0,0,0,0,0,2.68,0,0,0,0,0,0,0,0.127,0.00158,0,0,0.103,0.0016,0,0,0,0,0,0,0,0,0,0,0,0.295,0.0184,0,0,0,0,0,0.857,0.08,0,0,0,0,0,0,0,0,0,0,0,0.10158,0,0
CTMALL3,0,0,0,0,0,0,0,0,0,0,0,0,0,0,0,0,0,0,0,0,0,0,0.122,0.00152,0,0,0.086,0.00134,0,0,0,0,0,0,0,0,0,0,0,0.104,0.00647,0,0.084,0.00523,1.1e-9,4.07e-10,0.157,0.0147,0,0,0,0,0,0,0,0.167,0.0026,0,0,0.03186,1.1e-9,4.07e-10
CTWOD01,0,0,0,0,0,0,0,0,0,0,0,0,0,0,1.39,0.076,0,0,0,0,0,0,0.07,8.71e-4,0,0,0.061,9.49e-4,0,0,0,0,0,0,0,0,0,0,0,0,0,0,0,0,0,0,0.202,0.0189,0,0,0,0,0,0.112,0.00174,0,0,0,0,0.02246,0,0
CTWOD02,0,0,0,0,0,0,0,0,0,0,0,0,0,0,4.69,0,0,0,0,0,0,0,0.133,0.00166,0.112,0.00174,0.332,0.00516,0,0,0,0,0.229,0,0,0.145,0.00135,0,0,0,0,0,0,0,0,0,6.18,0.577,0,0,0,0,0,0.427,0.00664,0.291,0.00453,0,0,0.59808,0,0
NJ_ABDU_01_AD,0,0,0,0,0,7.39,0,0,0,0,0,0,0,0,1,0,0,0,0,0,0,0,0.308,0.00383,0,0,0.239,0.0037200000000000002,0,0,0,0,0,0,0,0.184,0.00172,0,0,0.785,0.0488,0,0.41,0.0255,5.36e-9,1.99e-9,1.42,0.133,0,0,0,0,0,0.093,0.00145,0.206,0.0032,0.27999999999999997,0.00436,0.22558,5.36e-9,1.99e-9
NJ_ABDU_02_LC,0,0,0,0,0,0,0,0,0,0,0,0,0,0,1.35,0,0,0,0,0,0,0,0.101,0.00126,0,0,0,0,0,0,0,0,0,0,0,0,0,0,0,0.117,0.00728,0,0.142,0.00884,1.86e-9,6.89e-10,0.236,0.022,0,0,0,0,0,0,0,0,0,0,0,0.03938,1.86e-9,6.89e-10
NJ_ABDU_30_AD,0,0,0,0,0,9.19,1.15,0,0,0.076,0,0,0,0,0.806,0.129,0,0,0,0,0,0,1.63,0.0203,0.726,0.0113,1.95,0.0303,0,0,0,0,0.174,0,0,0.349,0.00326,0,0,1.36,0.0846,0,0.148,0.00921,1.93e-9,7.18e-10,13.2,1.23,0,0,0,0,0,0.781,0.0121,1.55,0.0241,2,0.0311,1.45627,1.93e-9,7.18e-10
NJ_AGWT_01_AD,0,0,0,5.45,0,60.7,0,0,0,0.328,0,0,0,0,0,0,0,0,0.497,9.28e-5,0,0,0.755,0.0094,1.02,0.0159,0.669,0.0104,0,0,0,0,0.143,0,0,0.38,0.00355,0,0,0.418,0.026,0,0.291,0.0181,3.8e-9,1.41e-9,14.2,1.33,0,0,0,0,0,0.845,0.0131,1.26,0.0196,0.404,0.00628,1.4524228000000001,3.8e-9,1.41e-9
NJ_AGWT_01_LC,0,0,0,7.62,0,8.91,0,0,0,0,0,0,0,0,2.01,0,0,0,0.437,8.16e-5,0,0,2.39,0.0297,0.196,0.00305,1.17,0.0182,0,0,0,0,0,0,0,0.241,0.00225,0,0,4.06,0.253,0,0.244,0.0152,3.19e-9,1.18e-9,3.31,0.309,0,0,0,0,0,0.231,0.00359,0.662,0.0103,3.43,0.0534,0.6977716,3.19e-9,1.18e-9
NJ_AGWT_02_NJ,0,0,0,0,0,15.7,0,0,0,0.103,0,0,0,0,0,0,0,0,0,0,0,0,0.698,0.00869,0.128,0.00199,0.411,0.00639,0,0,0,0,0,0,0,0,0,0,0,1.33,0.0828,0,0.424,0.0264,5.54e-9,2.06e-9,3.14,0.293,0,0,0,0,0,0,0,0.334,0.0052,0.784,0.0122,0.43667,5.54e-9,2.06e-9
NJ_AGWT_02_AD,0,0,0,0,0,5.04,0,0,0,0.136,0,0,0,0,5.77,0,0,0,0,0,0,0,0.795,0.00989,0.163,0.00254,0.75,0.0117,0,0,0,0,0,0,0,0.367,0.00343,0,0,1.08,0.0672,0,0.388,0.0241,5.07e-9,1.88e-9,3.34,0.312,0,0,0,0,0,0.393,0.00611,0.674,0.0105,1.252,0.0195,0.46697,5.07e-9,1.88e-9
NJ_CAGO_01_AD,0,0,0,0,0,0,0,0,0,0,0,0,0,0,2.09,0,0,0,0,0,0,0,0.177,0.0022,0,0,0.163,0.00254,0,0,0,0,0,0,0,0,0,0,0,0.09,0.0056,0,0,0,0,0,0.666,0.0622,0,0,0,0,0,0.108,0.00168,0.154,0.0024,0,0,0.07662,0,0
NJ_CAGO_30_AD,0,0,0,0,0,0,0,0,0,0,0,0,0,0,2.31,0,0,0,0,0,0,0,0.315,0.00392,0,0,0.149,0.00232,0,0,0,0,0,0.087,3.25e-5,0.895,0.00835,0,0,0.274,0.017,0,0,0,0,0,5.75,0.537,0,0,0,0,0,0,0,0,0,0.30800000000000005,0.00479,0.5734125,0,0
NJ_MALL_01_AD,0,0,0,0,0,0,0,0,0,0,0,0,0,0,2.94,0,0,0,0,0,0,0,1.15,0.0143,0,0,0.625,0.00972,0,0,0,0,0.44,0,0,6.72,0.0627,0,0,1.37,0.0852,0,0.259,0.0161,3.38e-9,1.26e-9,46.6,4.35,0,0,0,0,0.314,0.111,0.00173,0.347,0.0054,3.4019999999999997,0.0529,4.59805,3.38e-9,1.26e-9
NJ_MALL_10_AD,0,0,0,0,0,3.49,0,0,0,0,0,0,0,0,1.55,0,0,0,0,0,0,0,0.758,0.00943,0.122,0.0019,0.409,0.00636,0,0,0,0,0,0,0,0.276,0.00258,0,0,0.861,0.0536,0,0,0,0,0,3.58,0.334,0,0,0,0,0,0.285,0.00443,0.561,0.00873,0.825,0.0128,0.43383,0,0
NJ_MALL_11_AD,0,0,0,0,0,0,0,0,0,0,0,0,0,0,6.92,0,0,0,0,0,0,0,0.321,0.00399,0.387,0.00602,0.35,0.00544,0,0,0,0,0,0,0,0,0,0,0,0.515,0.032,0,0.247,0.0154,3.23e-9,1.2e-9,1.51,0.141,0,0,0,0,0,0.255,0.00397,0.605,0.00941,0.363,0.00565,0.22288,3.23e-9,1.2e-9
NJ_MALL_30_AD,0,0,0,0,0,2.7,0,0,0,0,0,0,0,0,1.46,0,0,0,0,0,0,0,1.1,0.0137,0.114,0.00177,0.918,0.0143,0,0,0,0,0,0,0,0.176,0.00164,0,0,0.885,0.0551,0,0.222,0.0138,2.9e-9,1.08e-9,8.45,0.789,0,0,0,0,0,0.576,0.00896,0.897,0.014,1.022,0.0159,0.92817,2.9e-9,1.08e-9
NJ_MALL_40_AD,0,0,0,0,0,34.9,0,0,0,0.482,0,0,0,0,3.08,0,0,0,0,0,0,0,1.3,0.0162,1.53,0.0238,2.25,0.035,0,0,0,0,0.178,0,0,0.756,0.00706,0,0,0.406,0.0253,0,0,0,0,0,14.8,1.38,0,0,0,0,0,1.47,0.0229,2.21,0.0344,2.1919999999999997,0.0341,1.57876,0,0
NJ_MALL_60_AD,0,0,0,0,0,2.74,0,0,0,0,0,0,0,0,1.81,0,0,0,0,0,0,0,0.43,0.00535,0.273,0.00425,0.952,0.0148,0,0,0,0,0.164,0,0,0.367,0.00343,0,0,0.495,0.0308,0,0,0,0,0,13.7,1.28,0,0,0,0,0,1.21,0.0188,1.37,0.0213,0.392,0.0061,1.38483,0,0
NJ_WODU_01_AD,0,0,0,0,0,0,0,0,0,0,0,0,0,0,0,0,0,0,0,0,0,0,0,0,0.112,0.00174,0.383,0.00596,0,0,0,0,0,0,0,0,0,0,0,0,0,0,0,0,0,0,1.23,0.115,0,0,0,0,0,0.103,0.0016,0.473,0.00736,0,0,0.13166,0,0
NJ_WODU_01_JK,0,0,0,0,0,0,0,0,0,0,0,0,0,0,5.81,0,0,0,0,0,0,0,0.702,0.00874,0.205,0.00319,0.371,0.00577,0,0,0.077,6.25e-4,0,0,0,0.177,0.00165,0,0,0.603,0.0375,0,0,0,0,0,4.51,0.421,0,0,0,0,0,0.15,0.00233,0.254,0.00395,0.527,0.0082,0.492955,0,0
NJ_WODU_01_TN,0,0,0,0,0,0,0,0,0,0.117,0,0,0,0,4.21,0,0,0,0,0,0,0,0.205,0.00255,0,0,0.322,0.00501,0,0,0,0,0,0,0,0,0,0,0,0.304,0.0189,0,0,0,0,0,0.331,0.0309,0,0,0,0,0,0.213,0.00331,0.446,0.00694,0.47,0.00731,0.07492,0,0
NJ_WODU_02_AD,0,0,0,0,0,0,0,0,0,0,0,0,0,0,8.63,0,0,0,0,0,0,0,0.184,0.00229,0,0,0.294,0.00457,0,0,0,0,0,0,0,0,0,0,0,0.132,0.00821,0,0,0,0,0,0.941,0.0878,0,0,0,0,0,0.329,0.00512,0.587,0.00913,0.29200000000000004,0.00454,0.12166,0,0
NJ_WODU_03_AD,0,0,0,0,0,0,0,0,0,0,0,0,0,0,0,0,0,0,0,0,0,0,0.18,0.00224,0,0,0.397,0.00618,0,0,0,0,0,0,0,0,0,0,0,0.101,0.00628,0,0,0,0,0,1.67,0.156,0,0,0,0,0,0.673,0.0105,0.997,0.0155,0.391,0.00608,0.20278,0,0
NJ_WODU_03_LC,0,0,0,0,0,0,0,0,0,0,0,0,0,0,8.22,0,0,0,0,0,0,0,0.492,0.00612,0.346,0.00538,0.662,0.0103,0,0,0,0,0,0,0,0.096,8.96e-4,0,0,0.249,0.0155,0,0,0,0,0,2.86,0.267,0,0,0,0,0,0.659,0.0103,0.785,0.0122,0.5499999999999999,0.00856,0.336256,0,0
NJ_WODU_11_AD,0,0,0,0,3.62,0,0,0,0,0,0,0,0,0,2.88,0,0,0,1.09,2.03e-4,0,0,0.136,0.00169,0,0,0.159,0.00247,0,0,0,0,0,0,0,0,0,0,0,0.244,0.0152,0,0,0,0,0,0.637,0.0595,0,0,0,0,0,0.129,0.00201,0.265,0.00412,0.31800000000000006,0.00495,0.090143,0,0
